date,daily_electricity
2015-01-01,1725680.0
2015-01-02,1793290.0
2015-01-03,1747153.0
2015-01-04,1643712.0
2015-01-05,1841655.0
2015-01-06,1914628.0
2015-01-07,1926480.0
2015-01-08,1940263.0
2015-01-09,1885302.0
2015-01-10,1705671.0
2015-01-11,1652941.0
2015-01-12,1874433.0
2015-01-13,1886151.0
2015-01-14,1869155.0
2015-01-15,1888996.0
2015-01-16,1863752.0
2015-01-17,1762138.0
2015-01-18,1780816.0
2015-01-19,1945536.0
2015-01-20,1969712.0
2015-01-21,1984470.0
2015-01-22,1977175.0
2015-01-23,1986551.0
2015-01-24,1915263.0
2015-01-25,1829952.0
2015-01-26,1941785.0
2015-01-27,1943838.0
2015-01-28,1967947.0
2015-01-29,1927556.0
2015-01-30,1968548.0
2015-01-31,1833870.0
2015-02-01,1845215.0
2015-02-02,1924393.0
2015-02-03,1949976.0
2015-02-04,1990480.0
2015-02-05,2034942.0
2015-02-06,2085183.0
2015-02-07,1915728.0
2015-02-08,1810767.0
2015-02-09,1880452.0
2015-02-10,1901525.0
2015-02-11,1893979.0
2015-02-12,1888848.0
2015-02-13,1866107.0
2015-02-14,1697460.0
2015-02-15,1633150.0
2015-02-16,1823907.0
2015-02-17,1814879.0
2015-02-18,1805488.0
2015-02-19,1822691.0
2015-02-20,1850468.0
2015-02-21,1703958.0
2015-02-22,1639723.0
2015-02-23,1818553.0
2015-02-24,1836749.0
2015-02-25,1773954.0
2015-02-26,1767780.0
2015-02-27,1772900.0
2015-02-28,1645729.0
2015-03-01,1544477.0
2015-03-02,1686228.0
2015-03-03,1721974.0
2015-03-04,1722262.0
2015-03-05,1730749.0
2015-03-06,1716963.0
2015-03-07,1563295.0
2015-03-08,1459787.0
2015-03-09,1610840.0
2015-03-10,1646323.0
2015-03-11,1633739.0
2015-03-12,1647768.0
2015-03-13,1648107.0
2015-03-14,1561853.0
2015-03-15,1517970.0
2015-03-16,1665787.0
2015-03-17,1651840.0
2015-03-18,1629791.0
2015-03-19,1653577.0
2015-03-20,1600838.0
2015-03-21,1493940.0
2015-03-22,1486143.0
2015-03-23,1602553.0
2015-03-24,1616563.0
2015-03-25,1639991.0
2015-03-26,1675943.0
2015-03-27,1603231.0
2015-03-28,1465558.0
2015-03-29,1357822.0
2015-03-30,1552031.0
2015-03-31,1595807.0
2015-04-01,1578955.0
2015-04-02,1570688.0
2015-04-03,1480045.0
2015-04-04,1378277.0
2015-04-05,1324692.0
2015-04-06,1337786.0
2015-04-07,1469943.0
2015-04-08,1472105.0
2015-04-09,1436166.0
2015-04-10,1431369.0
2015-04-11,1273196.0
2015-04-12,1184430.0
2015-04-13,1338999.0
2015-04-14,1331461.0
2015-04-15,1353435.0
2015-04-16,1334292.0
2015-04-17,1350864.0
2015-04-18,1308795.0
2015-04-19,1187011.0
2015-04-20,1327098.0
2015-04-21,1345281.0
2015-04-22,1362502.0
2015-04-23,1357244.0
2015-04-24,1333998.0
2015-04-25,1226106.0
2015-04-26,1172899.0
2015-04-27,1350390.0
2015-04-28,1393800.0
2015-04-29,1381763.0
2015-04-30,1398590.0
2015-05-01,1302758.0
2015-05-02,1287599.0
2015-05-03,1218477.0
2015-05-04,1286311.0
2015-05-05,1355420.0
2015-05-06,1368840.0
2015-05-07,1328401.0
2015-05-08,1276914.0
2015-05-09,1214526.0
2015-05-10,1084854.0
2015-05-11,1301255.0
2015-05-12,1276795.0
2015-05-13,1324975.0
2015-05-14,1241194.0
2015-05-15,1344121.0
2015-05-16,1236972.0
2015-05-17,1102922.0
2015-05-18,1343119.0
2015-05-19,1385987.0
2015-05-20,1380930.0
2015-05-21,1387459.0
2015-05-22,1393978.0
2015-05-23,1267285.0
2015-05-24,1151980.0
2015-05-25,1253916.0
2015-05-26,1393716.0
2015-05-27,1383633.0
2015-05-28,1360681.0
2015-05-29,1363583.0
2015-05-30,1205190.0
2015-05-31,1106557.0
2015-06-01,1269021.0
2015-06-02,1338753.0
2015-06-03,1344863.0
2015-06-04,1354868.0
2015-06-05,1352549.0
2015-06-06,1219739.0
2015-06-07,1111139.0
2015-06-08,1362550.0
2015-06-09,1395188.0
2015-06-10,1389040.0
2015-06-11,1393002.0
2015-06-12,1360829.0
2015-06-13,1240018.0
2015-06-14,1153257.0
2015-06-15,1334713.0
2015-06-16,1369517.0
2015-06-17,1360379.0
2015-06-18,1323100.0
2015-06-19,1348335.0
2015-06-20,1279724.0
2015-06-21,1196341.0
2015-06-22,1357503.0
2015-06-23,1349353.0
2015-06-24,1339424.0
2015-06-25,1343003.0
2015-06-26,1370928.0
2015-06-27,1260442.0
2015-06-28,1151048.0
2015-06-29,1315542.0
2015-06-30,1338454.0
2015-07-01,1348346.0
2015-07-02,1334501.0
2015-07-03,1364854.0
2015-07-04,1279661.0
2015-07-05,1202526.0
2015-07-06,1329248.0
2015-07-07,1395967.0
2015-07-08,1394937.0
2015-07-09,1377299.0
2015-07-10,1377688.0
2015-07-11,1311814.0
2015-07-12,1240622.0
2015-07-13,1396089.0
2015-07-14,1353940.0
2015-07-15,1418809.0
2015-07-16,1443646.0
2015-07-17,1406929.0
2015-07-18,1242766.0
2015-07-19,1177262.0
2015-07-20,1326261.0
2015-07-21,1328972.0
2015-07-22,1344190.0
2015-07-23,1348234.0
2015-07-24,1354279.0
2015-07-25,1252041.0
2015-07-26,1141367.0
2015-07-27,1373296.0
2015-07-28,1355715.0
2015-07-29,1320397.0
2015-07-30,1299920.0
2015-07-31,1333334.0
2015-08-01,1212250.0
2015-08-02,1151778.0
2015-08-03,1254680.0
2015-08-04,1266026.0
2015-08-05,1261875.0
2015-08-06,1263709.0
2015-08-07,1285902.0
2015-08-08,1191357.0
2015-08-09,1122438.0
2015-08-10,1248603.0
2015-08-11,1278897.0
2015-08-12,1301706.0
2015-08-13,1280852.0
2015-08-14,1257873.0
2015-08-15,1195583.0
2015-08-16,1144317.0
2015-08-17,1258508.0
2015-08-18,1273123.0
2015-08-19,1303062.0
2015-08-20,1317592.0
2015-08-21,1302654.0
2015-08-22,1148266.0
2015-08-23,1035747.0
2015-08-24,1254756.0
2015-08-25,1311510.0
2015-08-26,1309119.0
2015-08-27,1274367.0
2015-08-28,1265243.0
2015-08-29,1198953.0
2015-08-30,1142972.0
2015-08-31,1301672.0
2015-09-01,1323117.0
2015-09-02,1334651.0
2015-09-03,1358339.0
2015-09-04,1319107.0
2015-09-05,1203262.0
2015-09-06,1095947.0
2015-09-07,1327988.0
2015-09-08,1352714.0
2015-09-09,1349453.0
2015-09-10,1338775.0
2015-09-11,1270684.0
2015-09-12,1174624.0
2015-09-13,1144090.0
2015-09-14,1326969.0
2015-09-15,1311638.0
2015-09-16,1345421.0
2015-09-17,1340361.0
2015-09-18,1318405.0
2015-09-19,1211360.0
2015-09-20,1128882.0
2015-09-21,1281277.0
2015-09-22,1330498.0
2015-09-23,1282344.0
2015-09-24,1303527.0
2015-09-25,1283228.0
2015-09-26,1159438.0
2015-09-27,1101309.0
2015-09-28,1289973.0
2015-09-29,1340679.0
2015-09-30,1322229.0
2015-10-01,1360539.0
2015-10-02,1354712.0
2015-10-03,1235446.0
2015-10-04,1175663.0
2015-10-05,1366907.0
2015-10-06,1390945.0
2015-10-07,1434913.0
2015-10-08,1406467.0
2015-10-09,1424470.0
2015-10-10,1279817.0
2015-10-11,1190743.0
2015-10-12,1409012.0
2015-10-13,1469652.0
2015-10-14,1500204.0
2015-10-15,1519707.0
2015-10-16,1525591.0
2015-10-17,1415984.0
2015-10-18,1344424.0
2015-10-19,1505317.0
2015-10-20,1521004.0
2015-10-21,1526285.0
2015-10-22,1510034.0
2015-10-23,1501753.0
2015-10-24,1397241.0
2015-10-25,1289747.0
2015-10-26,1495780.0
2015-10-27,1495647.0
2015-10-28,1455931.0
2015-10-29,1483260.0
2015-10-30,1484693.0
2015-10-31,1320269.0
2015-11-01,1315492.0
2015-11-02,1520673.0
2015-11-03,1559213.0
2015-11-04,1510815.0
2015-11-05,1554833.0
2015-11-06,1531781.0
2015-11-07,1340936.0
2015-11-08,1323459.0
2015-11-09,1451387.0
2015-11-10,1498732.0
2015-11-11,1403274.0
2015-11-12,1514145.0
2015-11-13,1534154.0
2015-11-14,1436023.0
2015-11-15,1360456.0
2015-11-16,1545331.0
2015-11-17,1593460.0
2015-11-18,1566378.0
2015-11-19,1592491.0
2015-11-20,1580656.0
2015-11-21,1536181.0
2015-11-22,1533526.0
2015-11-23,1705762.0
2015-11-24,1784815.0
2015-11-25,1721042.0
2015-11-26,1700323.0
2015-11-27,1763963.0
2015-11-28,1667829.0
2015-11-29,1613145.0
2015-11-30,1732529.0
2015-12-01,1706901.0
2015-12-02,1730864.0
2015-12-03,1738702.0
2015-12-04,1707434.0
2015-12-05,1630427.0
2015-12-06,1548902.0
2015-12-07,1734173.0
2015-12-08,1752838.0
2015-12-09,1695201.0
2015-12-10,1845402.0
2015-12-11,1854374.0
2015-12-12,1630386.0
2015-12-13,1597797.0
2015-12-14,1805581.0
2015-12-15,1837730.0
2015-12-16,1773011.0
2015-12-17,1736444.0
2015-12-18,1688694.0
2015-12-19,1543866.0
2015-12-20,1492588.0
2015-12-21,1632350.0
2015-12-22,1634373.0
2015-12-23,1610786.0
2015-12-24,1503818.0
2015-12-25,1372701.0
2015-12-26,1370054.0
2015-12-27,1384466.0
2015-12-28,1583959.0
2015-12-29,1545869.0
2015-12-30,1556535.0
2015-12-31,1516852.0
2016-01-01,1505425.0
2016-01-02,1564343.0
2016-01-03,1528644.0
2016-01-04,1773900.0
2016-01-05,1803807.0
2016-01-06,1745982.0
2016-01-07,1799691.0
2016-01-08,1732768.0
2016-01-09,1599255.0
2016-01-10,1568020.0
2016-01-11,1797029.0
2016-01-12,1801166.0
2016-01-13,1880148.0
2016-01-14,1874195.0
2016-01-15,1935285.0
2016-01-16,1813853.0
2016-01-17,1748897.0
2016-01-18,1952921.0
2016-01-19,1967861.0
2016-01-20,1943510.0
2016-01-21,1874462.0
2016-01-22,1803443.0
2016-01-23,1669155.0
2016-01-24,1663039.0
2016-01-25,1787353.0
2016-01-26,1742233.0
2016-01-27,1777053.0
2016-01-28,1771654.0
2016-01-29,1803796.0
2016-01-30,1648106.0
2016-01-31,1598356.0
2016-02-01,1751606.0
2016-02-02,1758478.0
2016-02-03,1813325.0
2016-02-04,1858339.0
2016-02-05,1790895.0
2016-02-06,1660725.0
2016-02-07,1552909.0
2016-02-08,1749933.0
2016-02-09,1798081.0
2016-02-10,1831792.0
2016-02-11,1825889.0
2016-02-12,1847949.0
2016-02-13,1719215.0
2016-02-14,1596085.0
2016-02-15,1820047.0
2016-02-16,1836239.0
2016-02-17,1861172.0
2016-02-18,1840775.0
2016-02-19,1860874.0
2016-02-20,1708790.0
2016-02-21,1516202.0
2016-02-22,1677481.0
2016-02-23,1741719.0
2016-02-24,1748896.0
2016-02-25,1754653.0
2016-02-26,1776644.0
2016-02-27,1659660.0
2016-02-28,1632728.0
2016-02-29,1803079.0
2016-03-01,1833326.0
2016-03-02,1774421.0
2016-03-03,1816537.0
2016-03-04,1769737.0
2016-03-05,1657639.0
2016-03-06,1621698.0
2016-03-07,1763899.0
2016-03-08,1788703.0
2016-03-09,1800028.0
2016-03-10,1803980.0
2016-03-11,1790077.0
2016-03-12,1604604.0
2016-03-13,1590416.0
2016-03-14,1727940.0
2016-03-15,1754063.0
2016-03-16,1755989.0
2016-03-17,1721202.0
2016-03-18,1705925.0
2016-03-19,1565965.0
2016-03-20,1504276.0
2016-03-21,1665947.0
2016-03-22,1668012.0
2016-03-23,1655343.0
2016-03-24,1633332.0
2016-03-25,1531474.0
2016-03-26,1409701.0
2016-03-27,1245117.0
2016-03-28,1283715.0
2016-03-29,1528995.0
2016-03-30,1530377.0
2016-03-31,1521715.0
2016-04-01,1517609.0
2016-04-02,1366780.0
2016-04-03,1281126.0
2016-04-04,1437162.0
2016-04-05,1463234.0
2016-04-06,1503846.0
2016-04-07,1517519.0
2016-04-08,1550110.0
2016-04-09,1369809.0
2016-04-10,1273063.0
2016-04-11,1435583.0
2016-04-12,1466941.0
2016-04-13,1479077.0
2016-04-14,1483463.0
2016-04-15,1487310.0
2016-04-16,1293751.0
2016-04-17,1273359.0
2016-04-18,1428437.0
2016-04-19,1415406.0
2016-04-20,1451723.0
2016-04-21,1407706.0
2016-04-22,1381441.0
2016-04-23,1322294.0
2016-04-24,1269329.0
2016-04-25,1407600.0
2016-04-26,1482273.0
2016-04-27,1474906.0
2016-04-28,1422594.0
2016-04-29,1438552.0
2016-04-30,1280073.0
2016-05-01,1256278.0
2016-05-02,1371790.0
2016-05-03,1375559.0
2016-05-04,1396397.0
2016-05-05,1271635.0
2016-05-06,1288138.0
2016-05-07,1188572.0
2016-05-08,1074278.0
2016-05-09,1259233.0
2016-05-10,1335105.0
2016-05-11,1348436.0
2016-05-12,1349415.0
2016-05-13,1368227.0
2016-05-14,1181016.0
2016-05-15,1058019.0
2016-05-16,1190372.0
2016-05-17,1295140.0
2016-05-18,1349447.0
2016-05-19,1387834.0
2016-05-20,1334534.0
2016-05-21,1220384.0
2016-05-22,1095154.0
2016-05-23,1360425.0
2016-05-24,1319610.0
2016-05-25,1347384.0
2016-05-26,1270316.0
2016-05-27,1332993.0
2016-05-28,1212920.0
2016-05-29,1176175.0
2016-05-30,1340994.0
2016-05-31,1391783.0
2016-06-01,1354772.0
2016-06-02,1340991.0
2016-06-03,1368908.0
2016-06-04,1235531.0
2016-06-05,1173592.0
2016-06-06,1359195.0
2016-06-07,1395766.0
2016-06-08,1368776.0
2016-06-09,1373637.0
2016-06-10,1348983.0
2016-06-11,1249466.0
2016-06-12,1208216.0
2016-06-13,1321569.0
2016-06-14,1338476.0
2016-06-15,1342706.0
2016-06-16,1347376.0
2016-06-17,1356479.0
2016-06-18,1229976.0
2016-06-19,1170058.0
2016-06-20,1325227.0
2016-06-21,1372206.0
2016-06-22,1358045.0
2016-06-23,1313102.0
2016-06-24,1298369.0
2016-06-25,1234881.0
2016-06-26,1155669.0
2016-06-27,1308871.0
2016-06-28,1272578.0
2016-06-29,1286865.0
2016-06-30,1322685.0
2016-07-01,1298559.0
2016-07-02,1209267.0
2016-07-03,1111293.0
2016-07-04,1336059.0
2016-07-05,1336573.0
2016-07-06,1307593.0
2016-07-07,1341773.0
2016-07-08,1337843.0
2016-07-09,1193470.0
2016-07-10,1107480.0
2016-07-11,1260851.0
2016-07-12,1296688.0
2016-07-13,1311529.0
2016-07-14,1234295.0
2016-07-15,1218314.0
2016-07-16,1106835.0
2016-07-17,1064404.0
2016-07-18,1190214.0
2016-07-19,1250800.0
2016-07-20,1241830.0
2016-07-21,1244419.0
2016-07-22,1260104.0
2016-07-23,1164008.0
2016-07-24,1110972.0
2016-07-25,1223963.0
2016-07-26,1252698.0
2016-07-27,1236246.0
2016-07-28,1212060.0
2016-07-29,1203161.0
2016-07-30,1128731.0
2016-07-31,1092748.0
2016-08-01,1071654.0
2016-08-02,1234538.0
2016-08-03,1210036.0
2016-08-04,1163252.0
2016-08-05,1197454.0
2016-08-06,1072171.0
2016-08-07,1009637.0
2016-08-08,1121198.0
2016-08-09,1187925.0
2016-08-10,1220281.0
2016-08-11,1226404.0
2016-08-12,1216470.0
2016-08-13,1031069.0
2016-08-14,1025857.0
2016-08-15,1100029.0
2016-08-16,1151421.0
2016-08-17,1142073.0
2016-08-18,1147455.0
2016-08-19,1146416.0
2016-08-20,1086951.0
2016-08-21,1028374.0
2016-08-22,1156050.0
2016-08-23,1209642.0
2016-08-24,1235018.0
2016-08-25,1243395.0
2016-08-26,1238996.0
2016-08-27,1081905.0
2016-08-28,1019725.0
2016-08-29,1140832.0
2016-08-30,1216401.0
2016-08-31,1236113.0
2016-09-01,1235158.0
2016-09-02,1223810.0
2016-09-03,1116561.0
2016-09-04,1061307.0
2016-09-05,1190763.0
2016-09-06,1247798.0
2016-09-07,1262076.0
2016-09-08,1277518.0
2016-09-09,1245179.0
2016-09-10,1112846.0
2016-09-11,1060855.0
2016-09-12,1244527.0
2016-09-13,1300928.0
2016-09-14,1271743.0
2016-09-15,1253135.0
2016-09-16,1277892.0
2016-09-17,1124417.0
2016-09-18,1062829.0
2016-09-19,1164903.0
2016-09-20,1255830.0
2016-09-21,1256553.0
2016-09-22,1248663.0
2016-09-23,1258466.0
2016-09-24,1117438.0
2016-09-25,1056346.0
2016-09-26,1211657.0
2016-09-27,1223873.0
2016-09-28,1223991.0
2016-09-29,1231374.0
2016-09-30,1191058.0
2016-10-01,1169733.0
2016-10-02,1109177.0
2016-10-03,1048289.0
2016-10-04,1276131.0
2016-10-05,1268598.0
2016-10-06,1180525.0
2016-10-07,1229998.0
2016-10-08,1142331.0
2016-10-09,1137698.0
2016-10-10,1266608.0
2016-10-11,1290919.0
2016-10-12,1325585.0
2016-10-13,1348532.0
2016-10-14,1328297.0
2016-10-15,1239940.0
2016-10-16,1197128.0
2016-10-17,1241435.0
2016-10-18,1280388.0
2016-10-19,1344985.0
2016-10-20,1349776.0
2016-10-21,1358569.0
2016-10-22,1240769.0
2016-10-23,1226574.0
2016-10-24,1300966.0
2016-10-25,1303207.0
2016-10-26,1346269.0
2016-10-27,1363489.0
2016-10-28,1191922.0
2016-10-29,1245225.0
2016-10-30,1265491.0
2016-10-31,1282983.0
2016-11-01,1274484.0
2016-11-02,1344983.0
2016-11-03,1396781.0
2016-11-04,1390647.0
2016-11-05,1282996.0
2016-11-06,1341751.0
2016-11-07,1494140.0
2016-11-08,1517622.0
2016-11-09,1548798.0
2016-11-10,1513159.0
2016-11-11,1412615.0
2016-11-12,1385821.0
2016-11-13,1326076.0
2016-11-14,1450845.0
2016-11-15,1503326.0
2016-11-16,1525817.0
2016-11-17,1566321.0
2016-11-18,1578186.0
2016-11-19,1502267.0
2016-11-20,1457538.0
2016-11-21,1546068.0
2016-11-22,1566521.0
2016-11-23,1556430.0
2016-11-24,1593372.0
2016-11-25,1596703.0
2016-11-26,1500341.0
2016-11-27,1469978.0
2016-11-28,1680384.0
2016-11-29,1701533.0
2016-11-30,1671813.0
2016-12-01,1692943.0
2016-12-02,1673072.0
2016-12-03,1579884.0
2016-12-04,1598341.0
2016-12-05,1684296.0
2016-12-06,1680318.0
2016-12-07,1720334.0
2016-12-08,1692751.0
2016-12-09,1650794.0
2016-12-10,1581897.0
2016-12-11,1526371.0
2016-12-12,1606495.0
2016-12-13,1616425.0
2016-12-14,1628695.0
2016-12-15,1637989.0
2016-12-16,1638161.0
2016-12-17,1533986.0
2016-12-18,1542850.0
2016-12-19,1657509.0
2016-12-20,1685648.0
2016-12-21,1726019.0
2016-12-22,1701855.0
2016-12-23,1664382.0
2016-12-24,1556321.0
2016-12-25,1461076.0
2016-12-26,1516287.0
2016-12-27,1619968.0
2016-12-28,1686745.0
2016-12-29,1699915.0
2016-12-30,1716406.0
2016-12-31,1683710.0
2017-01-01,1623490.0
2017-01-02,1698333.0
2017-01-03,1799699.0
2017-01-04,1852712.0
2017-01-05,1806540.0
2017-01-06,1817393.0
2017-01-07,1760418.0
2017-01-08,1644600.0
2017-01-09,1798186.0
2017-01-10,1842213.0
2017-01-11,1841993.0
2017-01-12,1841960.0
2017-01-13,1849671.0
2017-01-14,1745938.0
2017-01-15,1678642.0
2017-01-16,1794805.0
2017-01-17,1919837.0
2017-01-18,2031045.0
2017-01-19,2034176.0
2017-01-20,1992187.0
2017-01-21,1840979.0
2017-01-22,1756410.0
2017-01-23,1925945.0
2017-01-24,1971899.0
2017-01-25,1983626.0
2017-01-26,1983755.0
2017-01-27,1889731.0
2017-01-28,1717488.0
2017-01-29,1695246.0
2017-01-30,1804426.0
2017-01-31,1660013.0
2017-02-01,1768447.0
2017-02-02,1815237.0
2017-02-03,1780142.0
2017-02-04,1632768.0
2017-02-05,1603871.0
2017-02-06,1746759.0
2017-02-07,1745406.0
2017-02-08,1758539.0
2017-02-09,1774031.0
2017-02-10,1801840.0
2017-02-11,1697057.0
2017-02-12,1629621.0
2017-02-13,1752476.0
2017-02-14,1739257.0
2017-02-15,1674391.0
2017-02-16,1673900.0
2017-02-17,1699627.0
2017-02-18,1557373.0
2017-02-19,1544163.0
2017-02-20,1645764.0
2017-02-21,1652445.0
2017-02-22,1689250.0
2017-02-23,1697572.0
2017-02-24,1652803.0
2017-02-25,1594817.0
2017-02-26,1551798.0
2017-02-27,1679313.0
2017-02-28,1713184.0
2017-03-01,1770371.0
2017-03-02,1729829.0
2017-03-03,1704248.0
2017-03-04,1560418.0
2017-03-05,1569546.0
2017-03-06,1720726.0
2017-03-07,1676362.0
2017-03-08,1756540.0
2017-03-09,1688265.0
2017-03-10,1638655.0
2017-03-11,1477231.0
2017-03-12,1358159.0
2017-03-13,1570784.0
2017-03-14,1540986.0
2017-03-15,1593006.0
2017-03-16,1587146.0
2017-03-17,1587991.0
2017-03-18,1488391.0
2017-03-19,1369329.0
2017-03-20,1550689.0
2017-03-21,1532733.0
2017-03-22,1609674.0
2017-03-23,1609599.0
2017-03-24,1617423.0
2017-03-25,1549760.0
2017-03-26,1350467.0
2017-03-27,1560073.0
2017-03-28,1577956.0
2017-03-29,1528984.0
2017-03-30,1570229.0
2017-03-31,1475391.0
2017-04-01,1309496.0
2017-04-02,1263154.0
2017-04-03,1464923.0
2017-04-04,1499512.0
2017-04-05,1506372.0
2017-04-06,1526251.0
2017-04-07,1519338.0
2017-04-08,1347136.0
2017-04-09,1247779.0
2017-04-10,1402373.0
2017-04-11,1450738.0
2017-04-12,1472013.0
2017-04-13,1469353.0
2017-04-14,1394968.0
2017-04-15,1251148.0
2017-04-16,1171912.0
2017-04-17,1261428.0
2017-04-18,1453791.0
2017-04-19,1513389.0
2017-04-20,1492737.0
2017-04-21,1485476.0
2017-04-22,1333268.0
2017-04-23,1255821.0
2017-04-24,1397250.0
2017-04-25,1423212.0
2017-04-26,1511473.0
2017-04-27,1544423.0
2017-04-28,1539259.0
2017-04-29,1353121.0
2017-04-30,1201214.0
2017-05-01,1252810.0
2017-05-02,1413133.0
2017-05-03,1457950.0
2017-05-04,1485049.0
2017-05-05,1503800.0
2017-05-06,1335142.0
2017-05-07,1270602.0
2017-05-08,1335364.0
2017-05-09,1447256.0
2017-05-10,1449533.0
2017-05-11,1425550.0
2017-05-12,1393005.0
2017-05-13,1250487.0
2017-05-14,1215460.0
2017-05-15,1387508.0
2017-05-16,1403707.0
2017-05-17,1378951.0
2017-05-18,1387774.0
2017-05-19,1413471.0
2017-05-20,1222975.0
2017-05-21,1156155.0
2017-05-22,1312711.0
2017-05-23,1306345.0
2017-05-24,1296506.0
2017-05-25,1195942.0
2017-05-26,1237948.0
2017-05-27,1109972.0
2017-05-28,1094647.0
2017-05-29,1235138.0
2017-05-30,1237641.0
2017-05-31,1244621.0
2017-06-01,1267394.0
2017-06-02,1283161.0
2017-06-03,1155878.0
2017-06-04,1077604.0
2017-06-05,1119982.0
2017-06-06,1329209.0
2017-06-07,1281924.0
2017-06-08,1318983.0
2017-06-09,1317090.0
2017-06-10,1165699.0
2017-06-11,1081369.0
2017-06-12,1228286.0
2017-06-13,1243858.0
2017-06-14,1276246.0
2017-06-15,1265172.0
2017-06-16,1269998.0
2017-06-17,1150162.0
2017-06-18,1139538.0
2017-06-19,1280411.0
2017-06-20,1270626.0
2017-06-21,1283689.0
2017-06-22,1306696.0
2017-06-23,1281497.0
2017-06-24,1155659.0
2017-06-25,1091232.0
2017-06-26,1234235.0
2017-06-27,1263814.0
2017-06-28,1270737.0
2017-06-29,1298263.0
2017-06-30,1240784.0
2017-07-01,1120237.0
2017-07-02,1071458.0
2017-07-03,1169837.0
2017-07-04,1202833.0
2017-07-05,1242540.0
2017-07-06,1282837.0
2017-07-07,1293534.0
2017-07-08,1213523.0
2017-07-09,1163770.0
2017-07-10,1288014.0
2017-07-11,1303223.0
2017-07-12,1346424.0
2017-07-13,1292280.0
2017-07-14,1237840.0
2017-07-15,1193408.0
2017-07-16,1120799.0
2017-07-17,1269631.0
2017-07-18,1317518.0
2017-07-19,1329358.0
2017-07-20,1366483.0
2017-07-21,1325402.0
2017-07-22,1206708.0
2017-07-23,1178291.0
2017-07-24,1301762.0
2017-07-25,1277351.0
2017-07-26,1283568.0
2017-07-27,1297589.0
2017-07-28,1268703.0
2017-07-29,1176283.0
2017-07-30,1097094.0
2017-07-31,1226082.0
2017-08-01,1247193.0
2017-08-02,1256348.0
2017-08-03,1244752.0
2017-08-04,1205676.0
2017-08-05,1118448.0
2017-08-06,1056980.0
2017-08-07,1163241.0
2017-08-08,1159200.0
2017-08-09,1149644.0
2017-08-10,1210570.0
2017-08-11,1226455.0
2017-08-12,1125458.0
2017-08-13,1073351.0
2017-08-14,1157510.0
2017-08-15,1146942.0
2017-08-16,1176016.0
2017-08-17,1163489.0
2017-08-18,1176928.0
2017-08-19,1091945.0
2017-08-20,1040739.0
2017-08-21,1190588.0
2017-08-22,1233073.0
2017-08-23,1255693.0
2017-08-24,1227848.0
2017-08-25,1237694.0
2017-08-26,1130663.0
2017-08-27,1090558.0
2017-08-28,1250070.0
2017-08-29,1279008.0
2017-08-30,1306837.0
2017-08-31,1297308.0
2017-09-01,1327054.0
2017-09-02,1207866.0
2017-09-03,1140357.0
2017-09-04,1290942.0
2017-09-05,1346255.0
2017-09-06,1341668.0
2017-09-07,1303517.0
2017-09-08,1332885.0
2017-09-09,1181393.0
2017-09-10,1123269.0
2017-09-11,1266035.0
2017-09-12,1284757.0
2017-09-13,1326030.0
2017-09-14,1301378.0
2017-09-15,1245271.0
2017-09-16,1188346.0
2017-09-17,1153337.0
2017-09-18,1296091.0
2017-09-19,1361038.0
2017-09-20,1337144.0
2017-09-21,1345048.0
2017-09-22,1338420.0
2017-09-23,1150122.0
2017-09-24,1125812.0
2017-09-25,1278652.0
2017-09-26,1311813.0
2017-09-27,1318617.0
2017-09-28,1356519.0
2017-09-29,1338511.0
2017-09-30,1191808.0
2017-10-01,1173562.0
2017-10-02,1297022.0
2017-10-03,1277947.0
2017-10-04,1286034.0
2017-10-05,1349737.0
2017-10-06,1326869.0
2017-10-07,1259535.0
2017-10-08,1173217.0
2017-10-09,1247276.0
2017-10-10,1290842.0
2017-10-11,1303475.0
2017-10-12,1267106.0
2017-10-13,1228819.0
2017-10-14,1165162.0
2017-10-15,1152696.0
2017-10-16,1233565.0
2017-10-17,1242708.0
2017-10-18,1237109.0
2017-10-19,1223175.0
2017-10-20,1256043.0
2017-10-21,1206582.0
2017-10-22,1157085.0
2017-10-23,1250572.0
2017-10-24,1294185.0
2017-10-25,1285881.0
2017-10-26,1296346.0
2017-10-27,1304564.0
2017-10-28,1293123.0
2017-10-29,1281043.0
2017-10-30,1312211.0
2017-10-31,1358597.0
2017-11-01,1323265.0
2017-11-02,1351376.0
2017-11-03,1330543.0
2017-11-04,1321356.0
2017-11-05,1274931.0
2017-11-06,1404567.0
2017-11-07,1435794.0
2017-11-08,1442037.0
2017-11-09,1415149.0
2017-11-10,1439304.0
2017-11-11,1392495.0
2017-11-12,1374543.0
2017-11-13,1488702.0
2017-11-14,1493053.0
2017-11-15,1493895.0
2017-11-16,1479821.0
2017-11-17,1456590.0
2017-11-18,1425386.0
2017-11-19,1422938.0
2017-11-20,1507471.0
2017-11-21,1524891.0
2017-11-22,1540986.0
2017-11-23,1521620.0
2017-11-24,1497195.0
2017-11-25,1417581.0
2017-11-26,1470555.0
2017-11-27,1707681.0
2017-11-28,1642969.0
2017-11-29,1629844.0
2017-11-30,1651073.0
2017-12-01,1667386.0
2017-12-02,1591624.0
2017-12-03,1579493.0
2017-12-04,1704027.0
2017-12-05,1706891.0
2017-12-06,1732079.0
2017-12-07,1785843.0
2017-12-08,1716064.0
2017-12-09,1649639.0
2017-12-10,1639849.0
2017-12-11,1714334.0
2017-12-12,1732259.0
2017-12-13,1824237.0
2017-12-14,1752029.0
2017-12-15,1728386.0
2017-12-16,1675427.0
2017-12-17,1668597.0
2017-12-18,1793546.0
2017-12-19,1764206.0
2017-12-20,1768114.0
2017-12-21,1731010.0
2017-12-22,1703524.0
2017-12-23,1605013.0
2017-12-24,1513719.0
2017-12-25,1509001.0
2017-12-26,1583756.0
2017-12-27,1668373.0
2017-12-28,1663996.0
2017-12-29,1708595.0
2017-12-30,1614482.0
2017-12-31,1487864.0
2018-01-01,1407868.0
2018-01-02,1704126.0
2018-01-03,1757881.0
2018-01-04,1765284.0
2018-01-05,1718179.0
2018-01-06,1661320.0
2018-01-07,1686828.0
2018-01-08,1793198.0
2018-01-09,1827539.0
2018-01-10,1851046.0
2018-01-11,1865441.0
2018-01-12,1851275.0
2018-01-13,1705925.0
2018-01-14,1667121.0
2018-01-15,1877814.0
2018-01-16,1857346.0
2018-01-17,1924229.0
2018-01-18,1902841.0
2018-01-19,1859176.0
2018-01-20,1797822.0
2018-01-21,1746478.0
2018-01-22,1869496.0
2018-01-23,1839616.0
2018-01-24,1814753.0
2018-01-25,1810727.0
2018-01-26,1913191.0
2018-01-27,1796969.0
2018-01-28,1688472.0
2018-01-29,1791518.0
2018-01-30,1802306.0
2018-01-31,1842273.0
2018-02-01,1896891.0
2018-02-02,1913278.0
2018-02-03,1779838.0
2018-02-04,1744067.0
2018-02-05,1950552.0
2018-02-06,1976511.0
2018-02-07,1982995.0
2018-02-08,1936468.0
2018-02-09,2007301.0
2018-02-10,1858155.0
2018-02-11,1795501.0
2018-02-12,1927660.0
2018-02-13,1994487.0
2018-02-14,1975165.0
2018-02-15,1893414.0
2018-02-16,1833831.0
2018-02-17,1712607.0
2018-02-18,1663605.0
2018-02-19,1791665.0
2018-02-20,1807664.0
2018-02-21,1860134.0
2018-02-22,1929454.0
2018-02-23,1921148.0
2018-02-24,1836180.0
2018-02-25,1783507.0
2018-02-26,1939909.0
2018-02-27,1957034.0
2018-02-28,1998928.0
2018-03-01,1999727.0
2018-03-02,1841910.0
2018-03-03,1685984.0
2018-03-04,1614327.0
2018-03-05,1691869.0
2018-03-06,1727096.0
2018-03-07,1806636.0
2018-03-08,1768469.0
2018-03-09,1739648.0
2018-03-10,1557415.0
2018-03-11,1436819.0
2018-03-12,1689930.0
2018-03-13,1656266.0
2018-03-14,1700596.0
2018-03-15,1633403.0
2018-03-16,1574232.0
2018-03-17,1550878.0
2018-03-18,1556724.0
2018-03-19,1717768.0
2018-03-20,1806662.0
2018-03-21,1753139.0
2018-03-22,1716325.0
2018-03-23,1707599.0
2018-03-24,1503183.0
2018-03-25,1340583.0
2018-03-26,1523327.0
2018-03-27,1660772.0
2018-03-28,1653749.0
2018-03-29,1582087.0
2018-03-30,1534224.0
2018-03-31,1446994.0
2018-04-01,1366155.0
2018-04-02,1372335.0
2018-04-03,1509063.0
2018-04-04,1541406.0
2018-04-05,1534025.0
2018-04-06,1499006.0
2018-04-07,1332217.0
2018-04-08,1253420.0
2018-04-09,1405454.0
2018-04-10,1454768.0
2018-04-11,1425753.0
2018-04-12,1434338.0
2018-04-13,1458122.0
2018-04-14,1349033.0
2018-04-15,1327124.0
2018-04-16,1429486.0
2018-04-17,1431688.0
2018-04-18,1407076.0
2018-04-19,1385837.0
2018-04-20,1363699.0
2018-04-21,1294364.0
2018-04-22,1238799.0
2018-04-23,1370523.0
2018-04-24,1387291.0
2018-04-25,1422348.0
2018-04-26,1437374.0
2018-04-27,1475389.0
2018-04-28,1323319.0
2018-04-29,1251714.0
2018-04-30,1394746.0
2018-05-01,1198616.0
2018-05-02,1453182.0
2018-05-03,1455248.0
2018-05-04,1496622.0
2018-05-05,1288706.0
2018-05-06,1162621.0
2018-05-07,1289052.0
2018-05-08,1268530.0
2018-05-09,1315470.0
2018-05-10,1295573.0
2018-05-11,1341408.0
2018-05-12,1297688.0
2018-05-13,1241876.0
2018-05-14,1474194.0
2018-05-15,1510886.0
2018-05-16,1503055.0
2018-05-17,1488686.0
2018-05-18,1477751.0
2018-05-19,1340964.0
2018-05-20,1199918.0
2018-05-21,1193294.0
2018-05-22,1352623.0
2018-05-23,1404785.0
2018-05-24,1402477.0
2018-05-25,1399827.0
2018-05-26,1256291.0
2018-05-27,1176676.0
2018-05-28,1355169.0
2018-05-29,1381953.0
2018-05-30,1404690.0
2018-05-31,1393506.0
2018-06-01,1388827.0
2018-06-02,1262932.0
2018-06-03,1217393.0
2018-06-04,1346582.0
2018-06-05,1392718.0
2018-06-06,1388460.0
2018-06-07,1389430.0
2018-06-08,1404492.0
2018-06-09,1289465.0
2018-06-10,1227488.0
2018-06-11,1362981.0
2018-06-12,1394245.0
2018-06-13,1372322.0
2018-06-14,1338551.0
2018-06-15,1341363.0
2018-06-16,1258903.0
2018-06-17,1188858.0
2018-06-18,1366557.0
2018-06-19,1378402.0
2018-06-20,1365095.0
2018-06-21,1364118.0
2018-06-22,1374994.0
2018-06-23,1196480.0
2018-06-24,1194908.0
2018-06-25,1365186.0
2018-06-26,1363188.0
2018-06-27,1360984.0
2018-06-28,1359854.0
2018-06-29,1359711.0
2018-06-30,1203796.0
2018-07-01,1131335.0
2018-07-02,1292632.0
2018-07-03,1331741.0
2018-07-04,1358478.0
2018-07-05,1377762.0
2018-07-06,1373585.0
2018-07-07,1184651.0
2018-07-08,1146449.0
2018-07-09,1329125.0
2018-07-10,1375174.0
2018-07-11,1356552.0
2018-07-12,1343242.0
2018-07-13,1324461.0
2018-07-14,1173927.0
2018-07-15,1145971.0
2018-07-16,1358578.0
2018-07-17,1408371.0
2018-07-18,1376070.0
2018-07-19,1412975.0
2018-07-20,1391111.0
2018-07-21,1216018.0
2018-07-22,1225471.0
2018-07-23,1353414.0
2018-07-24,1359326.0
2018-07-25,1411124.0
2018-07-26,1404155.0
2018-07-27,1371582.0
2018-07-28,1258395.0
2018-07-29,1209731.0
2018-07-30,1309718.0
2018-07-31,1338762.0
2018-08-01,1333999.0
2018-08-02,1309472.0
2018-08-03,1292690.0
2018-08-04,1196352.0
2018-08-05,1111329.0
2018-08-06,1188575.0
2018-08-07,1233497.0
2018-08-08,1252080.0
2018-08-09,1271552.0
2018-08-10,1238226.0
2018-08-11,1073673.0
2018-08-12,1097762.0
2018-08-13,1237298.0
2018-08-14,1204924.0
2018-08-15,1207405.0
2018-08-16,1220971.0
2018-08-17,1195559.0
2018-08-18,1076996.0
2018-08-19,1051913.0
2018-08-20,1159722.0
2018-08-21,1174686.0
2018-08-22,1165668.0
2018-08-23,1168917.0
2018-08-24,1172514.0
2018-08-25,1011538.0
2018-08-26,978944.0
2018-08-27,1117953.0
2018-08-28,1163399.0
2018-08-29,1213747.0
2018-08-30,1209451.0
2018-08-31,1213431.0
2018-09-01,1121583.0
2018-09-02,1105606.0
2018-09-03,1258334.0
2018-09-04,1278354.0
2018-09-05,1291159.0
2018-09-06,1316585.0
2018-09-07,1326774.0
2018-09-08,1202511.0
2018-09-09,1187341.0
2018-09-10,1333606.0
2018-09-11,1314644.0
2018-09-12,1366082.0
2018-09-13,1394150.0
2018-09-14,1379991.0
2018-09-15,1239862.0
2018-09-16,1196308.0
2018-09-17,1337606.0
2018-09-18,1347214.0
2018-09-19,1345949.0
2018-09-20,1329384.0
2018-09-21,1335029.0
2018-09-22,1145027.0
2018-09-23,1196325.0
2018-09-24,1300144.0
2018-09-25,1372831.0
2018-09-26,1344973.0
2018-09-27,1311353.0
2018-09-28,1313791.0
2018-09-29,1180082.0
2018-09-30,1107380.0
2018-10-01,1333221.0
2018-10-02,1346127.0
2018-10-03,1302834.0
2018-10-04,1336689.0
2018-10-05,1352121.0
2018-10-06,1188937.0
2018-10-07,1202776.0
2018-10-08,1313905.0
2018-10-09,1294673.0
2018-10-10,1351064.0
2018-10-11,1325063.0
2018-10-12,1303263.0
2018-10-13,1248256.0
2018-10-14,1217014.0
2018-10-15,1323807.0
2018-10-16,1335225.0
2018-10-17,1351060.0
2018-10-18,1389095.0
2018-10-19,1373902.0
2018-10-20,1274244.0
2018-10-21,1252698.0
2018-10-22,1431974.0
2018-10-23,1411268.0
2018-10-24,1379334.0
2018-10-25,1372872.0
2018-10-26,1379641.0
2018-10-27,1277687.0
2018-10-28,1362209.0
2018-10-29,1509171.0
2018-10-30,1541861.0
2018-10-31,1530851.0
2018-11-01,1414806.0
2018-11-02,1403664.0
2018-11-03,1389424.0
2018-11-04,1376747.0
2018-11-05,1476211.0
2018-11-06,1499404.0
2018-11-07,1578014.0
2018-11-08,1535437.0
2018-11-09,1545432.0
2018-11-10,1464205.0
2018-11-11,1405205.0
2018-11-12,1468668.0
2018-11-13,1438639.0
2018-11-14,1456427.0
2018-11-15,1468337.0
2018-11-16,1472574.0
2018-11-17,1409993.0
2018-11-18,1434822.0
2018-11-19,1600921.0
2018-11-20,1592714.0
2018-11-21,1594121.0
2018-11-22,1588599.0
2018-11-23,1565543.0
2018-11-24,1462183.0
2018-11-25,1473129.0
2018-11-26,1586282.0
2018-11-27,1667679.0
2018-11-28,1667115.0
2018-11-29,1638872.0
2018-11-30,1604919.0
2018-12-01,1556091.0
2018-12-02,1493811.0
2018-12-03,1683248.0
2018-12-04,1642769.0
2018-12-05,1707591.0
2018-12-06,1703321.0
2018-12-07,1718884.0
2018-12-08,1625408.0
2018-12-09,1560083.0
2018-12-10,1692437.0
2018-12-11,1738603.0
2018-12-12,1800154.0
2018-12-13,1819974.0
2018-12-14,1800340.0
2018-12-15,1739997.0
2018-12-16,1634873.0
2018-12-17,1791343.0
2018-12-18,1862245.0
2018-12-19,1803904.0
2018-12-20,1805149.0
2018-12-21,1789477.0
2018-12-22,1577094.0
2018-12-23,1554600.0
2018-12-24,1552719.0
2018-12-25,1512082.0
2018-12-26,1634242.0
2018-12-27,1758744.0
2018-12-28,1759161.0
2018-12-29,1657444.0
2018-12-30,1598024.0
2018-12-31,1653240.0
2019-01-01,1509578.0
2019-01-02,1710252.0
2019-01-03,1760397.0
2019-01-04,1785081.0
2019-01-05,1713478.0
2019-01-06,1677041.0
2019-01-07,1777801.0
2019-01-08,1811335.0
2019-01-09,1839720.0
2019-01-10,1858229.0
2019-01-11,1787960.0
2019-01-12,1704612.0
2019-01-13,1618700.0
2019-01-14,1718413.0
2019-01-15,1701974.0
2019-01-16,1786927.0
2019-01-17,1800106.0
2019-01-18,1787344.0
2019-01-19,1654019.0
2019-01-20,1629419.0
2019-01-21,1771788.0
2019-01-22,1815613.0
2019-01-23,1875002.0
2019-01-24,1896089.0
2019-01-25,1843461.0
2019-01-26,1759163.0
2019-01-27,1727743.0
2019-01-28,1834478.0
2019-01-29,1844463.0
2019-01-30,1888400.0
2019-01-31,1882068.0
2019-02-01,1819289.0
2019-02-02,1815867.0
2019-02-03,1747606.0
2019-02-04,1912059.0
2019-02-05,1831721.0
2019-02-06,1852126.0
2019-02-07,1875033.0
2019-02-08,1865852.0
2019-02-09,1693701.0
2019-02-10,1705512.0
2019-02-11,1823854.0
2019-02-12,1823224.0
2019-02-13,1820285.0
2019-02-14,1817499.0
2019-02-15,1792914.0
2019-02-16,1597737.0
2019-02-17,1583419.0
2019-02-18,1741771.0
2019-02-19,1727735.0
2019-02-20,1752016.0
2019-02-21,1742470.0
2019-02-22,1769335.0
2019-02-23,1584561.0
2019-02-24,1566972.0
2019-02-25,1714918.0
2019-02-26,1743076.0
2019-02-27,1706019.0
2019-02-28,1710494.0
2019-03-01,1728674.0
2019-03-02,1608814.0
2019-03-03,1405820.0
2019-03-04,1632991.0
2019-03-05,1664237.0
2019-03-06,1707427.0
2019-03-07,1695013.0
2019-03-08,1665654.0
2019-03-09,1483680.0
2019-03-10,1473927.0
2019-03-11,1696305.0
2019-03-12,1737658.0
2019-03-13,1720305.0
2019-03-14,1785728.0
2019-03-15,1722302.0
2019-03-16,1522811.0
2019-03-17,1331567.0
2019-03-18,1577301.0
2019-03-19,1635410.0
2019-03-20,1648213.0
2019-03-21,1612458.0
2019-03-22,1592130.0
2019-03-23,1433401.0
2019-03-24,1415255.0
2019-03-25,1588923.0
2019-03-26,1609332.0
2019-03-27,1654348.0
2019-03-28,1661693.0
2019-03-29,1587583.0
2019-03-30,1460002.0
2019-03-31,1236735.0
2019-04-01,1448789.0
2019-04-02,1432211.0
2019-04-03,1481642.0
2019-04-04,1499128.0
2019-04-05,1537413.0
2019-04-06,1373218.0
2019-04-07,1315110.0
2019-04-08,1467616.0
2019-04-09,1467816.0
2019-04-10,1476828.0
2019-04-11,1516376.0
2019-04-12,1523766.0
2019-04-13,1365232.0
2019-04-14,1314639.0
2019-04-15,1482233.0
2019-04-16,1470078.0
2019-04-17,1460207.0
2019-04-18,1436066.0
2019-04-19,1364760.0
2019-04-20,1278371.0
2019-04-21,1187753.0
2019-04-22,1083232.0
2019-04-23,1263100.0
2019-04-24,1432042.0
2019-04-25,1446206.0
2019-04-26,1447404.0
2019-04-27,1364492.0
2019-04-28,1309019.0
2019-04-29,1449447.0
2019-04-30,1451991.0
2019-05-01,1256220.0
2019-05-02,1377048.0
2019-05-03,1425926.0
2019-05-04,1387273.0
2019-05-05,1364248.0
2019-05-06,1458033.0
2019-05-07,1441261.0
2019-05-08,1425521.0
2019-05-09,1514238.0
2019-05-10,1450829.0
2019-05-11,1367490.0
2019-05-12,1235501.0
2019-05-13,1458251.0
2019-05-14,1471752.0
2019-05-15,1467051.0
2019-05-16,1461719.0
2019-05-17,1441291.0
2019-05-18,1301126.0
2019-05-19,1253032.0
2019-05-20,1432549.0
2019-05-21,1449866.0
2019-05-22,1422884.0
2019-05-23,1415332.0
2019-05-24,1402989.0
2019-05-25,1285743.0
2019-05-26,1164065.0
2019-05-27,1364480.0
2019-05-28,1445493.0
2019-05-29,1438719.0
2019-05-30,1209871.0
2019-05-31,1299471.0
2019-06-01,1187733.0
2019-06-02,1101621.0
2019-06-03,1293030.0
2019-06-04,1394794.0
2019-06-05,1373097.0
2019-06-06,1371109.0
2019-06-07,1358966.0
2019-06-08,1122946.0
2019-06-09,1103531.0
2019-06-10,1242485.0
2019-06-11,1368967.0
2019-06-12,1400946.0
2019-06-13,1417971.0
2019-06-14,1396448.0
2019-06-15,1289559.0
2019-06-16,1239462.0
2019-06-17,1374579.0
2019-06-18,1387690.0
2019-06-19,1389432.0
2019-06-20,1366007.0
2019-06-21,1364019.0
2019-06-22,1264978.0
2019-06-23,1183955.0
2019-06-24,1397057.0
2019-06-25,1444136.0
2019-06-26,1413568.0
2019-06-27,1432922.0
2019-06-28,1425726.0
2019-06-29,1322836.0
2019-06-30,1142809.0
2019-07-01,1327433.0
2019-07-02,1375248.0
2019-07-03,1387629.0
2019-07-04,1364890.0
2019-07-05,1376251.0
2019-07-06,1231005.0
2019-07-07,1169864.0
2019-07-08,1327536.0
2019-07-09,1344151.0
2019-07-10,1338688.0
2019-07-11,1329946.0
2019-07-12,1370435.0
2019-07-13,1257501.0
2019-07-14,1226688.0
2019-07-15,1320944.0
2019-07-16,1312435.0
2019-07-17,1324956.0
2019-07-18,1349156.0
2019-07-19,1327808.0
2019-07-20,1231312.0
2019-07-21,1147356.0
2019-07-22,1279776.0
2019-07-23,1325344.0
2019-07-24,1280469.0
2019-07-25,1258819.0
2019-07-26,1206761.0
2019-07-27,1170834.0
2019-07-28,1175153.0
2019-07-29,1308340.0
2019-07-30,1345391.0
2019-07-31,1246730.0
2019-08-01,1231589.0
2019-08-02,1259754.0
2019-08-03,1187225.0
2019-08-04,1143086.0
2019-08-05,1231793.0
2019-08-06,1225627.0
2019-08-07,1224429.0
2019-08-08,1245269.0
2019-08-09,1280331.0
2019-08-10,1110809.0
2019-08-11,1005547.0
2019-08-12,1192925.0
2019-08-13,1222835.0
2019-08-14,1216187.0
2019-08-15,1147963.0
2019-08-16,1151870.0
2019-08-17,1101386.0
2019-08-18,1092279.0
2019-08-19,1178821.0
2019-08-20,1235272.0
2019-08-21,1248771.0
2019-08-22,1221326.0
2019-08-23,1218488.0
2019-08-24,1157797.0
2019-08-25,1105191.0
2019-08-26,1225735.0
2019-08-27,1252966.0
2019-08-28,1289298.0
2019-08-29,1255549.0
2019-08-30,1236042.0
2019-08-31,1200564.0
2019-09-01,1138905.0
2019-09-02,1248405.0
2019-09-03,1250102.0
2019-09-04,1295813.0
2019-09-05,1267330.0
2019-09-06,1285998.0
2019-09-07,1212544.0
2019-09-08,1214139.0
2019-09-09,1297100.0
2019-09-10,1307747.0
2019-09-11,1306680.0
2019-09-12,1318866.0
2019-09-13,1294771.0
2019-09-14,1220062.0
2019-09-15,1098811.0
2019-09-16,1258282.0
2019-09-17,1250133.0
2019-09-18,1270771.0
2019-09-19,1231514.0
2019-09-20,1284499.0
2019-09-21,1169162.0
2019-09-22,1131426.0
2019-09-23,1193369.0
2019-09-24,1214945.0
2019-09-25,1275711.0
2019-09-26,1293944.0
2019-09-27,1285204.0
2019-09-28,1147010.0
2019-09-29,1091090.0
2019-09-30,1207039.0
2019-10-01,1300901.0
2019-10-02,1304501.0
2019-10-03,1289211.0
2019-10-04,1342159.0
2019-10-05,1204262.0
2019-10-06,1197035.0
2019-10-07,1284329.0
2019-10-08,1273247.0
2019-10-09,1314701.0
2019-10-10,1312114.0
2019-10-11,1304391.0
2019-10-12,1226778.0
2019-10-13,1218083.0
2019-10-14,1302290.0
2019-10-15,1313188.0
2019-10-16,1368718.0
2019-10-17,1263878.0
2019-10-18,1342240.0
2019-10-19,1244412.0
2019-10-20,1250919.0
2019-10-21,1338931.0
2019-10-22,1327950.0
2019-10-23,1356034.0
2019-10-24,1364113.0
2019-10-25,1347793.0
2019-10-26,1203657.0
2019-10-27,1142511.0
2019-10-28,1305859.0
2019-10-29,1382680.0
2019-10-30,1363837.0
2019-10-31,1347854.0
2019-11-01,1312372.0
2019-11-02,1307369.0
2019-11-03,1292532.0
2019-11-04,1494852.0
2019-11-05,1444453.0
2019-11-06,1471765.0
2019-11-07,1530561.0
2019-11-08,1501672.0
2019-11-09,1453517.0
2019-11-10,1415618.0
2019-11-11,1511854.0
2019-11-12,1554918.0
2019-11-13,1550098.0
2019-11-14,1568251.0
2019-11-15,1550945.0
2019-11-16,1494622.0
2019-11-17,1424396.0
2019-11-18,1534431.0
2019-11-19,1523126.0
2019-11-20,1570803.0
2019-11-21,1581869.0
2019-11-22,1618892.0
2019-11-23,1393682.0
2019-11-24,1348705.0
2019-11-25,1546443.0
2019-11-26,1584748.0
2019-11-27,1625994.0
2019-11-28,1604361.0
2019-11-29,1533107.0
2019-11-30,1516859.0
2019-12-01,1491241.0
2019-12-02,1595416.0
2019-12-03,1659805.0
2019-12-04,1673437.0
2019-12-05,1649883.0
2019-12-06,1714668.0
2019-12-07,1540314.0
2019-12-08,1514018.0
2019-12-09,1692304.0
2019-12-10,1668800.0
2019-12-11,1710240.0
2019-12-12,1770808.0
2019-12-13,1725766.0
2019-12-14,1591239.0
2019-12-15,1493731.0
2019-12-16,1560654.0
2019-12-17,1578167.0
2019-12-18,1623625.0
2019-12-19,1678102.0
2019-12-20,1630269.0
2019-12-21,1601816.0
2019-12-22,1549496.0
2019-12-23,1587811.0
2019-12-24,1611382.0
2019-12-25,1453052.0
2019-12-26,1615363.0
2019-12-27,1674469.0
2019-12-28,1602966.0
2019-12-29,1569216.0
2019-12-30,1632219.0
2019-12-31,1661222.0
2020-01-01,1560694.0
2020-01-02,1700357.0
2020-01-03,1702802.0
2020-01-04,1578094.0
2020-01-05,1611049.0
2020-01-06,1736794.0
2020-01-07,1781388.0
2020-01-08,1763724.0
2020-01-09,1698358.0
2020-01-10,1697146.0
2020-01-11,1651835.0
2020-01-12,1630557.0
2020-01-13,1839588.0
2020-01-14,1789287.0
2020-01-15,1751777.0
2020-01-16,1735794.0
2020-01-17,1786433.0
2020-01-18,1639593.0
2020-01-19,1671690.0
2020-01-20,1824182.0
2020-01-21,1802685.0
2020-01-22,1861689.0
2020-01-23,1858148.0
2020-01-24,1772541.0
2020-01-25,1680668.0
2020-01-26,1645989.0
2020-01-27,1777107.0
2020-01-28,1870226.0
2020-01-29,1713605.0
2020-01-30,1794309.0
2020-01-31,1701809.0
2020-02-01,1565883.0
2020-02-02,1587615.0
2020-02-03,1725237.0
2020-02-04,1829227.0
2020-02-05,1811923.0
2020-02-06,1809161.0
2020-02-07,1870042.0
2020-02-08,1687403.0
2020-02-09,1599635.0
2020-02-10,1707214.0
2020-02-11,1750617.0
2020-02-12,1777022.0
2020-02-13,1893476.0
2020-02-14,1803800.0
2020-02-15,1641097.0
2020-02-16,1489861.0
2020-02-17,1707278.0
2020-02-18,1756223.0
2020-02-19,1775736.0
2020-02-20,1734397.0
2020-02-21,1731225.0
2020-02-22,1537612.0
2020-02-23,1514692.0
2020-02-24,1686734.0
2020-02-25,1699779.0
2020-02-26,1836343.0
2020-02-27,1826082.0
2020-02-28,1775771.0
2020-02-29,1605314.0
2020-03-01,1502928.0
2020-03-02,1752410.0
2020-03-03,1699895.0
2020-03-04,1715079.0
2020-03-05,1750340.0
2020-03-06,1751578.0
2020-03-07,1616642.0
2020-03-08,1558766.0
2020-03-09,1725742.0
2020-03-10,1722297.0
2020-03-11,1677124.0
2020-03-12,1585834.0
2020-03-13,1581607.0
2020-03-14,1537343.0
2020-03-15,1318875.0
2020-03-16,1539766.0
2020-03-17,1520046.0
2020-03-18,1460201.0
2020-03-19,1461747.0
2020-03-20,1459729.0
2020-03-21,1313676.0
2020-03-22,1245775.0
2020-03-23,1412423.0
2020-03-24,1460897.0
2020-03-25,1457868.0
2020-03-26,1447817.0
2020-03-27,1392260.0
2020-03-28,1298530.0
2020-03-29,1211594.0
2020-03-30,1516228.0
2020-03-31,1503768.0
2020-04-01,1431905.0
2020-04-02,1398873.0
2020-04-03,1387265.0
2020-04-04,1296255.0
2020-04-05,1070782.0
2020-04-06,1252797.0
2020-04-07,1332014.0
2020-04-08,1318260.0
2020-04-09,1269573.0
2020-04-10,1238554.0
2020-04-11,1134309.0
2020-04-12,1069527.0
2020-04-13,984830.0
2020-04-14,1280848.0
2020-04-15,1329443.0
2020-04-16,1274107.0
2020-04-17,1243734.0
2020-04-18,1178404.0
2020-04-19,1018202.0
2020-04-20,1107152.0
2020-04-21,1122995.0
2020-04-22,1158951.0
2020-04-23,1252772.0
2020-04-24,1178196.0
2020-04-25,1094416.0
2020-04-26,1065930.0
2020-04-27,1169864.0
2020-04-28,1252301.0
2020-04-29,1240851.0
2020-04-30,1244632.0
2020-05-01,1073617.0
2020-05-02,1106603.0
2020-05-03,1126227.0
2020-05-04,1232009.0
2020-05-05,1285721.0
2020-05-06,1241933.0
2020-05-07,1205838.0
2020-05-08,1212100.0
2020-05-09,1135102.0
2020-05-10,1071816.0
2020-05-11,1282906.0
2020-05-12,1319263.0
2020-05-13,1376720.0
2020-05-14,1394359.0
2020-05-15,1333844.0
2020-05-16,1115688.0
2020-05-17,1040134.0
2020-05-18,1254937.0
2020-05-19,1316326.0
2020-05-20,1316419.0
2020-05-21,1154121.0
2020-05-22,1150862.0
2020-05-23,1020043.0
2020-05-24,932670.0
2020-05-25,1180252.0
2020-05-26,1274550.0
2020-05-27,1262390.0
2020-05-28,1241600.0
2020-05-29,1269482.0
2020-05-30,1104574.0
2020-05-31,986527.0
2020-06-01,1060140.0
2020-06-02,1214635.0
2020-06-03,1238709.0
2020-06-04,1260785.0
2020-06-05,1254467.0
2020-06-06,1022999.0
2020-06-07,1012898.0
2020-06-08,1182751.0
2020-06-09,1202928.0
2020-06-10,1198932.0
2020-06-11,1168007.0
2020-06-12,1197270.0
2020-06-13,1068639.0
2020-06-14,1040842.0
2020-06-15,1147695.0
2020-06-16,1105292.0
2020-06-17,1128066.0
2020-06-18,1161292.0
2020-06-19,1161427.0
2020-06-20,1078241.0
2020-06-21,1040468.0
2020-06-22,1122202.0
2020-06-23,1092024.0
2020-06-24,1115706.0
2020-06-25,1114775.0
2020-06-26,1114273.0
2020-06-27,1118316.0
2020-06-28,955672.0
2020-06-29,1077432.0
2020-06-30,1039086.0
2020-07-01,1069757.0
2020-07-02,1078671.0
2020-07-03,1112146.0
2020-07-04,1025143.0
2020-07-05,918461.0
2020-07-06,1073603.0
2020-07-07,1079819.0
2020-07-08,1094053.0
2020-07-09,1102547.0
2020-07-10,1081343.0
2020-07-11,1050558.0
2020-07-12,991792.0
2020-07-13,1096052.0
2020-07-14,1087241.0
2020-07-15,1122850.0
2020-07-16,1142500.0
2020-07-17,1140967.0
2020-07-18,1077117.0
2020-07-19,1045849.0
2020-07-20,1152950.0
2020-07-21,1162643.0
2020-07-22,1156088.0
2020-07-23,1141804.0
2020-07-24,1172177.0
2020-07-25,1097015.0
2020-07-26,1010201.0
2020-07-27,1139241.0
2020-07-28,1120650.0
2020-07-29,1118523.0
2020-07-30,1123309.0
2020-07-31,1135532.0
2020-08-01,1053912.0
2020-08-02,1036863.0
2020-08-03,1098023.0
2020-08-04,1087644.0
2020-08-05,1059184.0
2020-08-06,1047452.0
2020-08-07,1075875.0
2020-08-08,1049193.0
2020-08-09,1047590.0
2020-08-10,1074417.0
2020-08-11,1086461.0
2020-08-12,1089629.0
2020-08-13,1078753.0
2020-08-14,1100678.0
2020-08-15,988260.0
2020-08-16,994359.0
2020-08-17,1060124.0
2020-08-18,1067570.0
2020-08-19,1107821.0
2020-08-20,1114692.0
2020-08-21,1149209.0
2020-08-22,1048013.0
2020-08-23,959790.0
2020-08-24,1052647.0
2020-08-25,1102584.0
2020-08-26,1113424.0
2020-08-27,1046545.0
2020-08-28,1064280.0
2020-08-29,951657.0
2020-08-30,956055.0
2020-08-31,1027911.0
2020-09-01,1016268.0
2020-09-02,1015883.0
2020-09-03,1011818.0
2020-09-04,989641.0
2020-09-05,942186.0
2020-09-06,897684.0
2020-09-07,1009221.0
2020-09-08,1008601.0
2020-09-09,1005397.0
2020-09-10,1014241.0
2020-09-11,999379.0
2020-09-12,949442.0
2020-09-13,944906.0
2020-09-14,1007898.0
2020-09-15,1025919.0
2020-09-16,1023599.0
2020-09-17,1098885.0
2020-09-18,1064418.0
2020-09-19,983348.0
2020-09-20,925109.0
2020-09-21,1038807.0
2020-09-22,1060858.0
2020-09-23,1116750.0
2020-09-24,1137094.0
2020-09-25,1239928.0
2020-09-26,1155597.0
2020-09-27,1147190.0
2020-09-28,1221101.0
2020-09-29,1231043.0
2020-09-30,1212977.0
2020-10-01,1248339.0
2020-10-02,1262440.0
2020-10-03,1113094.0
2020-10-04,1160313.0
2020-10-05,1327178.0
2020-10-06,1356606.0
2020-10-07,1328902.0
2020-10-08,1319542.0
2020-10-09,1284469.0
2020-10-10,1176065.0
2020-10-11,1174218.0
2020-10-12,1300942.0
2020-10-13,1340754.0
2020-10-14,1324910.0
2020-10-15,1372911.0
2020-10-16,1368276.0
2020-10-17,1306010.0
2020-10-18,1238123.0
2020-10-19,1384626.0
2020-10-20,1402359.0
2020-10-21,1434306.0
2020-10-22,1310731.0
2020-10-23,1319808.0
2020-10-24,1336603.0
2020-10-25,1235466.0
2020-10-26,1432190.0
2020-10-27,1438111.0
2020-10-28,1458483.0
2020-10-29,1422658.0
2020-10-30,1369974.0
2020-10-31,1298814.0
2020-11-01,1331444.0
2020-11-02,1389716.0
2020-11-03,1461521.0
2020-11-04,1448340.0
2020-11-05,1503331.0
2020-11-06,1493267.0
2020-11-07,1372145.0
2020-11-08,1334428.0
2020-11-09,1479767.0
2020-11-10,1516530.0
2020-11-11,1450345.0
2020-11-12,1493791.0
2020-11-13,1515378.0
2020-11-14,1403542.0
2020-11-15,1350066.0
2020-11-16,1497986.0
2020-11-17,1486739.0
2020-11-18,1519675.0
2020-11-19,1515121.0
2020-11-20,1535738.0
2020-11-21,1454891.0
2020-11-22,1421367.0
2020-11-23,1528217.0
2020-11-24,1571439.0
2020-11-25,1603493.0
2020-11-26,1559750.0
2020-11-27,1641572.0
2020-11-28,1508552.0
2020-11-29,1530736.0
2020-11-30,1631091.0
2020-12-01,1724209.0
2020-12-02,1706017.0
2020-12-03,1683092.0
2020-12-04,1626849.0
2020-12-05,1538833.0
2020-12-06,1447384.0
2020-12-07,1571992.0
2020-12-08,1587754.0
2020-12-09,1667283.0
2020-12-10,1671144.0
2020-12-11,1646906.0
2020-12-12,1552536.0
2020-12-13,1559814.0
2020-12-14,1624529.0
2020-12-15,1614433.0
2020-12-16,1678488.0
2020-12-17,1557962.0
2020-12-18,1686604.0
2020-12-19,1565566.0
2020-12-20,1515779.0
2020-12-21,1679760.0
2020-12-22,1645244.0
2020-12-23,1679382.0
2020-12-24,1612942.0
2020-12-25,1523185.0
2020-12-26,1523678.0
2020-12-27,1546387.0
2020-12-28,1648502.0
2020-12-29,1619648.0
2020-12-30,1583452.0
2020-12-31,1577776.0
2021-01-01,1512463.0
2021-01-02,1594742.0
2021-01-03,1554753.0
2021-01-04,1709613.0
2021-01-05,1776589.0
2021-01-06,1782130.0
2021-01-07,1821724.0
2021-01-08,1853709.0
2021-01-09,1789803.0
2021-01-10,1733429.0
2021-01-11,1878791.0
2021-01-12,1952059.0
2021-01-13,1851584.0
2021-01-14,1906832.0
2021-01-15,1903804.0
2021-01-16,1765286.0
2021-01-17,1700391.0
2021-01-18,1815632.0
2021-01-19,1862256.0
2021-01-20,1826236.0
2021-01-21,1731562.0
2021-01-22,1695258.0
2021-01-23,1685676.0
2021-01-24,1688180.0
2021-01-25,1824680.0
2021-01-26,1848443.0
2021-01-27,1820267.0
2021-01-28,1864167.0
2021-01-29,1763500.0
2021-01-30,1612159.0
2021-01-31,1574743.0
2021-02-01,1747137.0
2021-02-02,1771539.0
2021-02-03,1735457.0
2021-02-04,1708917.0
2021-02-05,1670201.0
2021-02-06,1559731.0
2021-02-07,1533288.0
2021-02-08,1676302.0
2021-02-09,1803752.0
2021-02-10,1841200.0
2021-02-11,1878099.0
2021-02-12,1869421.0
2021-02-13,1768330.0
2021-02-14,1678678.0
2021-02-15,1788120.0
2021-02-16,1756455.0
2021-02-17,1675385.0
2021-02-18,1684330.0
2021-02-19,1615672.0
2021-02-20,1535527.0
2021-02-21,1437999.0
2021-02-22,1552150.0
2021-02-23,1531341.0
2021-02-24,1489013.0
2021-02-25,1494238.0
2021-02-26,1528385.0
2021-02-27,1469728.0
2021-02-28,1415090.0
2021-03-01,1494642.0
2021-03-02,1506063.0
2021-03-03,1504017.0
2021-03-04,1530477.0
2021-03-05,1599549.0
2021-03-06,1475357.0
2021-03-07,1418152.0
2021-03-08,1579792.0
2021-03-09,1583162.0
2021-03-10,1629173.0
2021-03-11,1606421.0
2021-03-12,1585891.0
2021-03-13,1542827.0
2021-03-14,1493398.0
2021-03-15,1597595.0
2021-03-16,1595515.0
2021-03-17,1685872.0
2021-03-18,1631818.0
2021-03-19,1666887.0
2021-03-20,1523761.0
2021-03-21,1406141.0
2021-03-22,1536864.0
2021-03-23,1521050.0
2021-03-24,1500278.0
2021-03-25,1484069.0
2021-03-26,1508071.0
2021-03-27,1340746.0
2021-03-28,1175875.0
2021-03-29,1328472.0
2021-03-30,1394209.0
2021-03-31,1389834.0
2021-04-01,1323040.0
2021-04-02,1366955.0
2021-04-03,1357273.0
2021-04-04,1200715.0
2021-04-05,1200813.0
2021-04-06,1385227.0
2021-04-07,1400026.0
2021-04-08,1284431.0
2021-04-09,1355819.0
2021-04-10,1274077.0
2021-04-11,1234284.0
2021-04-12,1319504.0
2021-04-13,1323552.0
2021-04-14,1377206.0
2021-04-15,1396887.0
2021-04-16,1392091.0
2021-04-17,1256741.0
2021-04-18,1213185.0
2021-04-19,1252765.0
2021-04-20,1256654.0
2021-04-21,1277219.0
2021-04-22,1333951.0
2021-04-23,1315229.0
2021-04-24,1223130.0
2021-04-25,1211032.0
2021-04-26,1340941.0
2021-04-27,1246576.0
2021-04-28,1228600.0
2021-04-29,1262934.0
2021-04-30,1240588.0
2021-05-01,1191078.0
2021-05-02,1130048.0
2021-05-03,1257262.0
2021-05-04,1343733.0
2021-05-05,1312866.0
2021-05-06,1287825.0
2021-05-07,1256755.0
2021-05-08,1211921.0
2021-05-09,1085627.0
2021-05-10,1284470.0
2021-05-11,1289234.0
2021-05-12,1288112.0
2021-05-13,1275313.0
2021-05-14,1331672.0
2021-05-15,1298133.0
2021-05-16,1281231.0
2021-05-17,1477585.0
2021-05-18,1364919.0
2021-05-19,1434513.0
2021-05-20,1409505.0
2021-05-21,1420748.0
2021-05-22,1293374.0
2021-05-23,1227946.0
2021-05-24,1356876.0
2021-05-25,1432959.0
2021-05-26,1386294.0
2021-05-27,1340836.0
2021-05-28,1346215.0
2021-05-29,1253260.0
2021-05-30,1196604.0
2021-05-31,1316971.0
2021-06-01,1326289.0
2021-06-02,1292651.0
2021-06-03,1258861.0
2021-06-04,1300530.0
2021-06-05,1261262.0
2021-06-06,1225370.0
2021-06-07,1306953.0
2021-06-08,1343970.0
2021-06-09,1330951.0
2021-06-10,1334228.0
2021-06-11,1325681.0
2021-06-12,1212494.0
2021-06-13,1137488.0
2021-06-14,1293513.0
2021-06-15,1281656.0
2021-06-16,1283009.0
2021-06-17,1278789.0
2021-06-18,1290517.0
2021-06-19,1173008.0
2021-06-20,1158148.0
2021-06-21,1294277.0
2021-06-22,1332743.0
2021-06-23,1343550.0
2021-06-24,1336519.0
2021-06-25,1325001.0
2021-06-26,1266816.0
2021-06-27,1193296.0
2021-06-28,1323668.0
2021-06-29,1362185.0
2021-06-30,1326784.0
2021-07-01,1284939.0
2021-07-02,1284195.0
2021-07-03,1217835.0
2021-07-04,1172183.0
2021-07-05,1311251.0
2021-07-06,1352578.0
2021-07-07,1317675.0
2021-07-08,1337874.0
2021-07-09,1305004.0
2021-07-10,1123829.0
2021-07-11,1115032.0
2021-07-12,1226259.0
2021-07-13,1301154.0
2021-07-14,1282425.0
2021-07-15,1325308.0
2021-07-16,1314618.0
2021-07-17,1264778.0
2021-07-18,1214597.0
2021-07-19,1343213.0
2021-07-20,1330612.0
2021-07-21,1340577.0
2021-07-22,1319164.0
2021-07-23,1346070.0
2021-07-24,1233513.0
2021-07-25,1205524.0
2021-07-26,1336875.0
2021-07-27,1317971.0
2021-07-28,1341868.0
2021-07-29,1302670.0
2021-07-30,1338927.0
2021-07-31,1209103.0
2021-08-01,1213483.0
2021-08-02,1235137.0
2021-08-03,1231670.0
2021-08-04,1230266.0
2021-08-05,1270996.0
2021-08-06,1226595.0
2021-08-07,1175516.0
2021-08-08,1064515.0
2021-08-09,1201980.0
2021-08-10,1203765.0
2021-08-11,1198626.0
2021-08-12,1204653.0
2021-08-13,1157597.0
2021-08-14,1134102.0
2021-08-15,1146546.0
2021-08-16,1233669.0
2021-08-17,1253258.0
2021-08-18,1244076.0
2021-08-19,1262750.0
2021-08-20,1281562.0
2021-08-21,1200463.0
2021-08-22,1208383.0
2021-08-23,1295434.0
2021-08-24,1333020.0
2021-08-25,1310636.0
2021-08-26,1305013.0
2021-08-27,1295542.0
2021-08-28,1250627.0
2021-08-29,1220377.0
2021-08-30,1337714.0
2021-08-31,1375774.0
2021-09-01,1403808.0
2021-09-02,1376474.0
2021-09-03,1310361.0
2021-09-04,1204751.0
2021-09-05,1180846.0
2021-09-06,1323025.0
2021-09-07,1384464.0
2021-09-08,1358700.0
2021-09-09,1335752.0
2021-09-10,1328649.0
2021-09-11,1206771.0
2021-09-12,1150584.0
2021-09-13,1313837.0
2021-09-14,1303196.0
2021-09-15,1276269.0
2021-09-16,1273171.0
2021-09-17,1276776.0
2021-09-18,1125134.0
2021-09-19,1117279.0
2021-09-20,1273064.0
2021-09-21,1300671.0
2021-09-22,1296248.0
2021-09-23,1223507.0
2021-09-24,1192602.0
2021-09-25,1142557.0
2021-09-26,1114055.0
2021-09-27,1254014.0
2021-09-28,1249880.0
2021-09-29,1271485.0
2021-09-30,1245112.0
2021-10-01,1263124.0
2021-10-02,1217435.0
2021-10-03,1136976.0
2021-10-04,1333527.0
2021-10-05,1372162.0
2021-10-06,1390381.0
2021-10-07,1353055.0
2021-10-08,1319655.0
2021-10-09,1226916.0
2021-10-10,1217697.0
2021-10-11,1346854.0
2021-10-12,1345177.0
2021-10-13,1359285.0
2021-10-14,1356313.0
2021-10-15,1312616.0
2021-10-16,1264626.0
2021-10-17,1241566.0
2021-10-18,1373067.0
2021-10-19,1363031.0
2021-10-20,1385766.0
2021-10-21,1369143.0
2021-10-22,1322067.0
2021-10-23,1230275.0
2021-10-24,1222264.0
2021-10-25,1306632.0
2021-10-26,1330981.0
2021-10-27,1360354.0
2021-10-28,1447241.0
2021-10-29,1421300.0
2021-10-30,1302872.0
2021-10-31,1290900.0
2021-11-01,1303595.0
2021-11-02,1444005.0
2021-11-03,1468900.0
2021-11-04,1453267.0
2021-11-05,1430393.0
2021-11-06,1334700.0
2021-11-07,1283700.0
2021-11-08,1428556.0
2021-11-09,1425320.0
2021-11-10,1484961.0
2021-11-11,1408041.0
2021-11-12,1415546.0
2021-11-13,1376735.0
2021-11-14,1308618.0
2021-11-15,1439225.0
2021-11-16,1509812.0
2021-11-17,1473776.0
2021-11-18,1471546.0
2021-11-19,1483422.0
2021-11-20,1378514.0
2021-11-21,1337967.0
2021-11-22,1549326.0
2021-11-23,1570098.0
2021-11-24,1480113.0
2021-11-25,1466644.0
2021-11-26,1521087.0
2021-11-27,1437998.0
2021-11-28,1428805.0
2021-11-29,1535684.0
2021-11-30,1659750.0
2021-12-01,1599611.0
2021-12-02,1547064.0
2021-12-03,1596512.0
2021-12-04,1513678.0
2021-12-05,1460313.0
2021-12-06,1571066.0
2021-12-07,1615216.0
2021-12-08,1575870.0
2021-12-09,1627264.0
2021-12-10,1712082.0
2021-12-11,1507840.0
2021-12-12,1427087.0
2021-12-13,1497771.0
2021-12-14,1541933.0
2021-12-15,1546695.0
2021-12-16,1592220.0
2021-12-17,1584442.0
2021-12-18,1479172.0
2021-12-19,1427251.0
2021-12-20,1485965.0
2021-12-21,1529633.0
2021-12-22,1581072.0
2021-12-23,1530936.0
2021-12-24,1329204.0
2021-12-25,1248433.0
2021-12-26,1325589.0
2021-12-27,1491209.0
2021-12-28,1557295.0
2021-12-29,1553649.0
2021-12-30,1418879.0
2021-12-31,1405477.0
2022-01-01,1342115.0
2022-01-02,1418082.0
2022-01-03,1512446.0
2022-01-04,1579997.0
2022-01-05,1598763.0
2022-01-06,1629205.0
2022-01-07,1753203.0
2022-01-08,1641836.0
2022-01-09,1584642.0
2022-01-10,1721712.0
2022-01-11,1687576.0
2022-01-12,1711631.0
2022-01-13,1698589.0
2022-01-14,1704767.0
2022-01-15,1650083.0
2022-01-16,1621302.0
2022-01-17,1678192.0
2022-01-18,1701964.0
2022-01-19,1682262.0
2022-01-20,1699581.0
2022-01-21,1695345.0
2022-01-22,1647662.0
2022-01-23,1596667.0
2022-01-24,1717203.0
2022-01-25,1746877.0
2022-01-26,1702481.0
2022-01-27,1735483.0
2022-01-28,1678128.0
2022-01-29,1623162.0
2022-01-30,1526828.0
2022-01-31,1707026.0
2022-02-01,1673968.0
2022-02-02,1625341.0
2022-02-03,1584105.0
2022-02-04,1661038.0
2022-02-05,1503312.0
2022-02-06,1561892.0
2022-02-07,1586952.0
2022-02-08,1594617.0
2022-02-09,1601211.0
2022-02-10,1611742.0
2022-02-11,1618568.0
2022-02-12,1532870.0
2022-02-13,1511521.0
2022-02-14,1587614.0
2022-02-15,1660920.0
2022-02-16,1647080.0
2022-02-17,1610914.0
2022-02-18,1626300.0
2022-02-19,1509753.0
2022-02-20,1491932.0
2022-02-21,1631653.0
2022-02-22,1598640.0
2022-02-23,1532911.0
2022-02-24,1578982.0
2022-02-25,1568812.0
2022-02-26,1537937.0
2022-02-27,1419250.0
2022-02-28,1527791.0
2022-03-01,1540761.0
2022-03-02,1507734.0
2022-03-03,1505568.0
2022-03-04,1511040.0
2022-03-05,1427557.0
2022-03-06,1415064.0
2022-03-07,1599118.0
2022-03-08,1551770.0
2022-03-09,1533680.0
2022-03-10,1395612.0
2022-03-11,1448363.0
2022-03-12,1255635.0
2022-03-13,1233321.0
2022-03-14,1312986.0
2022-03-15,1365805.0
2022-03-16,1330239.0
2022-03-17,1333893.0
2022-03-18,1395080.0
2022-03-19,1252994.0
2022-03-20,1166485.0
2022-03-21,1258858.0
2022-03-22,1265196.0
2022-03-23,1218984.0
2022-03-24,1217583.0
2022-03-25,1235895.0
2022-03-26,1124843.0
2022-03-27,1008737.0
2022-03-28,1108230.0
2022-03-29,1122351.0
2022-03-30,1109349.0
2022-03-31,1197509.0
2022-04-01,1352150.0
2022-04-02,1266589.0
2022-04-03,1169150.0
2022-04-04,1356073.0
2022-04-05,1271939.0
2022-04-06,1282948.0
2022-04-07,1346577.0
2022-04-08,1290348.0
2022-04-09,1182116.0
2022-04-10,1124170.0
2022-04-11,1242136.0
2022-04-12,1211546.0
2022-04-13,1149696.0
2022-04-14,1157237.0
2022-04-15,1100405.0
2022-04-16,994827.0
2022-04-17,967852.0
2022-04-18,992460.0
2022-04-19,1142874.0
2022-04-20,1168078.0
2022-04-21,1159916.0
2022-04-22,1146783.0
2022-04-23,1004639.0
2022-04-24,976830.0
2022-04-25,1121953.0
2022-04-26,1187032.0
2022-04-27,1207166.0
2022-04-28,1176851.0
2022-04-29,1114695.0
2022-04-30,1085308.0
2022-05-01,1029699.0
2022-05-02,1087209.0
2022-05-03,1131942.0
2022-05-04,1134155.0
2022-05-05,1141885.0
2022-05-06,1151816.0
2022-05-07,1047828.0
2022-05-08,991581.0
2022-05-09,1076823.0
2022-05-10,1095143.0
2022-05-11,1136690.0
2022-05-12,1082172.0
2022-05-13,1088230.0
2022-05-14,992247.0
2022-05-15,982229.0
2022-05-16,1087789.0
2022-05-17,1107148.0
2022-05-18,1075861.0
2022-05-19,1114846.0
2022-05-20,1153611.0
2022-05-21,985181.0
2022-05-22,1004972.0
2022-05-23,1132671.0
2022-05-24,1089459.0
2022-05-25,1098493.0
2022-05-26,932455.0
2022-05-27,951037.0
2022-05-28,993065.0
2022-05-29,989566.0
2022-05-30,1113805.0
2022-05-31,1119392.0
2022-06-01,1103524.0
2022-06-02,1090702.0
2022-06-03,1081804.0
2022-06-04,988111.0
2022-06-05,937045.0
2022-06-06,970062.0
2022-06-07,1099241.0
2022-06-08,1131810.0
2022-06-09,1106073.0
2022-06-10,1052082.0
2022-06-11,945382.0
2022-06-12,916643.0
2022-06-13,1060453.0
2022-06-14,1067521.0
2022-06-15,1056922.0
2022-06-16,1038898.0
2022-06-17,1055376.0
2022-06-18,995216.0
2022-06-19,994860.0
2022-06-20,1039289.0
2022-06-21,1033312.0
2022-06-22,1062694.0
2022-06-23,1051078.0
2022-06-24,1064508.0
2022-06-25,961714.0
2022-06-26,917443.0
2022-06-27,1030288.0
2022-06-28,1013608.0
2022-06-29,1023442.0
2022-06-30,1014189.0
2022-07-01,1041978.0
2022-07-02,935643.0
2022-07-03,887761.0
2022-07-04,1011202.0
2022-07-05,1034089.0
2022-07-06,1020545.0
2022-07-07,1064814.0
2022-07-08,1069727.0
2022-07-09,973428.0
2022-07-10,938999.0
2022-07-11,1052474.0
2022-07-12,1058766.0
2022-07-13,1022764.0
2022-07-14,992113.0
2022-07-15,992047.0
2022-07-16,931708.0
2022-07-17,872747.0
2022-07-18,987958.0
2022-07-19,1027292.0
2022-07-20,1005489.0
2022-07-21,992539.0
2022-07-22,979540.0
2022-07-23,896169.0
2022-07-24,863908.0
2022-07-25,982045.0
2022-07-26,930676.0
2022-07-27,957615.0
2022-07-28,946736.0
2022-07-29,911285.0
2022-07-30,910822.0
2022-07-31,884520.0
2022-08-01,899039.0
2022-08-02,926950.0
2022-08-03,960263.0
2022-08-04,972987.0
2022-08-05,964214.0
2022-08-06,951264.0
2022-08-07,937571.0
2022-08-08,1012358.0
2022-08-09,1019430.0
2022-08-10,1005670.0
2022-08-11,954252.0
2022-08-12,929489.0
2022-08-13,886510.0
2022-08-14,858750.0
2022-08-15,907243.0
2022-08-16,900457.0
2022-08-17,878975.0
2022-08-18,931433.0
2022-08-19,976806.0
2022-08-20,870700.0
2022-08-21,804453.0
2022-08-22,883678.0
2022-08-23,889231.0
2022-08-24,884787.0
2022-08-25,878784.0
2022-08-26,896582.0
2022-08-27,824194.0
2022-08-28,822979.0
2022-08-29,903502.0
2022-08-30,899872.0
2022-08-31,883575.0
2022-09-01,889874.0
2022-09-02,841240.0
2022-09-03,786264.0
2022-09-04,826818.0
2022-09-05,910337.0
2022-09-06,939291.0
2022-09-07,959717.0
2022-09-08,981648.0
2022-09-09,1011339.0
2022-09-10,898605.0
2022-09-11,867937.0
2022-09-12,960150.0
2022-09-13,916726.0
2022-09-14,918012.0
2022-09-15,932775.0
2022-09-16,961096.0
2022-09-17,891011.0
2022-09-18,885151.0
2022-09-19,976911.0
2022-09-20,978544.0
2022-09-21,989026.0
2022-09-22,959706.0
2022-09-23,910094.0
2022-09-24,894520.0
2022-09-25,931776.0
2022-09-26,1037937.0
2022-09-27,1091254.0
2022-09-28,1063729.0
2022-09-29,978133.0
2022-09-30,1038646.0
2022-10-01,1064004.0
2022-10-02,944510.0
2022-10-03,973776.0
2022-10-04,1003276.0
2022-10-05,1027387.0
2022-10-06,930547.0
2022-10-07,968454.0
2022-10-08,921214.0
2022-10-09,940563.0
2022-10-10,1010267.0
2022-10-11,1008685.0
2022-10-12,994253.0
2022-10-13,1030147.0
2022-10-14,1082426.0
2022-10-15,1019082.0
2022-10-16,930849.0
2022-10-17,987717.0
2022-10-18,993524.0
2022-10-19,1068487.0
2022-10-20,1040784.0
2022-10-21,1092989.0
2022-10-22,1087053.0
2022-10-23,1128150.0
2022-10-24,1204059.0
2022-10-25,1102677.0
2022-10-26,1119029.0
2022-10-27,1100905.0
2022-10-28,1091208.0
2022-10-29,1006179.0
2022-10-30,938613.0
2022-10-31,1077754.0
2022-11-01,1093335.0
2022-11-02,1113321.0
2022-11-03,1199877.0
2022-11-04,1175373.0
2022-11-05,1079981.0
2022-11-06,1103140.0
2022-11-07,1223189.0
2022-11-08,1228014.0
2022-11-09,1167008.0
2022-11-10,1148879.0
2022-11-11,1108217.0
2022-11-12,1110356.0
2022-11-13,1050242.0
2022-11-14,1153925.0
2022-11-15,1216479.0
2022-11-16,1235264.0
2022-11-17,1197442.0
2022-11-18,1167314.0
2022-11-19,1095244.0
2022-11-20,1172348.0
2022-11-21,1297293.0
2022-11-22,1372021.0
2022-11-23,1300738.0
2022-11-24,1318308.0
2022-11-25,1220758.0
2022-11-26,1172280.0
2022-11-27,1109115.0
2022-11-28,1246700.0
2022-11-29,1310984.0
2022-11-30,1350776.0
2022-12-01,1367059.0
2022-12-02,1341385.0
2022-12-03,1327171.0
2022-12-04,1262516.0
2022-12-05,1361845.0
2022-12-06,1370143.0
2022-12-07,1342923.0
2022-12-08,1365955.0
2022-12-09,1431048.0
2022-12-10,1377636.0
2022-12-11,1400612.0
2022-12-12,1600992.0
2022-12-13,1627997.0
2022-12-14,1563233.0
2022-12-15,1616768.0
2022-12-16,1628591.0
2022-12-17,1529557.0
2022-12-18,1560462.0
2022-12-19,1565560.0
2022-12-20,1490196.0
2022-12-21,1471347.0
2022-12-22,1534802.0
2022-12-23,1459759.0
2022-12-24,1209202.0
2022-12-25,1225577.0
2022-12-26,1179401.0
2022-12-27,1268964.0
2022-12-28,1442040.0
2022-12-29,1280578.0
2022-12-30,1301443.0
2022-12-31,1220444.0
2023-01-01,1148031.0
2023-01-02,1353849.0
2023-01-03,1510537.0
2023-01-04,1520476.0
2023-01-05,1463522.0
2023-01-06,1446906.0
2023-01-07,1446807.0
2023-01-08,1393871.0
2023-01-09,1652049.0
2023-01-10,1643468.0
2023-01-11,1585475.0
2023-01-12,1613798.0
2023-01-13,1576333.0
2023-01-14,1477610.0
2023-01-15,1380206.0
2023-01-16,1657230.0
2023-01-17,1571146.0
2023-01-18,1570475.0
2023-01-19,1469223.0
2023-01-20,1600319.0
2023-01-21,1599396.0
2023-01-22,1573144.0
2023-01-23,1702732.0
2023-01-24,1693634.0
2023-01-25,1632972.0
2023-01-26,1675824.0
2023-01-27,1728530.0
2023-01-28,1597250.0
2023-01-29,1496316.0
2023-01-30,1579898.0
2023-01-31,1493664.0
2023-02-01,1588984.0
2023-02-02,1591201.0
2023-02-03,1539404.0
2023-02-04,1487712.0
2023-02-05,1467074.0
2023-02-06,1647532.0
2023-02-07,1602755.0
2023-02-08,1597471.0
2023-02-09,1602956.0
2023-02-10,1574416.0
2023-02-11,1497245.0
2023-02-12,1457548.0
2023-02-13,1536162.0
2023-02-14,1552570.0
2023-02-15,1541682.0
2023-02-16,1482969.0
2023-02-17,1450775.0
2023-02-18,1366199.0
2023-02-19,1309977.0
2023-02-20,1369240.0
2023-02-21,1402513.0
2023-02-22,1406931.0
2023-02-23,1421487.0
2023-02-24,1425379.0
2023-02-25,1379487.0
2023-02-26,1455232.0
2023-02-27,1576217.0
2023-02-28,1510425.0
2023-03-01,1489244.0
2023-03-02,1437257.0
2023-03-03,1441145.0
2023-03-04,1284009.0
2023-03-05,1226570.0
2023-03-06,1292181.0
2023-03-07,1291897.0
2023-03-08,1397807.0
2023-03-09,1432178.0
2023-03-10,1431616.0
2023-03-11,1286016.0
2023-03-12,1239837.0
2023-03-13,1347861.0
2023-03-14,1395018.0
2023-03-15,1327780.0
2023-03-16,1331708.0
2023-03-17,1329528.0
2023-03-18,1245657.0
2023-03-19,1196986.0
2023-03-20,1249634.0
2023-03-21,1279666.0
2023-03-22,1340940.0
2023-03-23,1297732.0
2023-03-24,1319951.0
2023-03-25,1212105.0
2023-03-26,1218616.0
2023-03-27,1214239.0
2023-03-28,1286065.0
2023-03-29,1296401.0
2023-03-30,1300148.0
2023-03-31,1423800.0
2023-04-01,1325302.0
2023-04-02,1212106.0
2023-04-03,1283953.0
2023-04-04,1322791.0
2023-04-05,1270245.0
2023-04-06,1241084.0
2023-04-07,1182675.0
2023-04-08,1188573.0
2023-04-09,1092132.0
2023-04-10,1042170.0
2023-04-11,1185440.0
2023-04-12,1289923.0
2023-04-13,1249263.0
2023-04-14,1256373.0
2023-04-15,1237972.0
2023-04-16,1212820.0
2023-04-17,1256618.0
2023-04-18,1267310.0
2023-04-19,1274238.0
2023-04-20,1275637.0
2023-04-21,1207398.0
2023-04-22,1214793.0
2023-04-23,1220535.0
2023-04-24,1275626.0
2023-04-25,1235106.0
2023-04-26,1250988.0
2023-04-27,1273569.0
2023-04-28,1308820.0
2023-04-29,1201677.0
2023-04-30,1154264.0
2023-05-01,1186679.0
2023-05-02,1281974.0
2023-05-03,1332205.0
2023-05-04,1306747.0
2023-05-05,1213927.0
2023-05-06,1145282.0
2023-05-07,1079165.0
2023-05-08,1152600.0
2023-05-09,1221962.0
2023-05-10,1278272.0
2023-05-11,1230028.0
2023-05-12,1234144.0
2023-05-13,1147840.0
2023-05-14,1163615.0
2023-05-15,1261965.0
2023-05-16,1315929.0
2023-05-17,1284116.0
2023-05-18,1191313.0
2023-05-19,1219121.0
2023-05-20,1089208.0
2023-05-21,1092933.0
2023-05-22,1201821.0
2023-05-23,1278860.0
2023-05-24,1302208.0
2023-05-25,1295885.0
2023-05-26,1267343.0
2023-05-27,1033108.0
2023-05-28,1024704.0
2023-05-29,1103970.0
2023-05-30,1233504.0
2023-05-31,1223144.0
2023-06-01,1232163.0
2023-06-02,1250094.0
2023-06-03,1144002.0
2023-06-04,1092189.0
2023-06-05,1199083.0
2023-06-06,1195878.0
2023-06-07,1203253.0
2023-06-08,1166368.0
2023-06-09,1112646.0
2023-06-10,1045499.0
2023-06-11,1006676.0
2023-06-12,1123526.0
2023-06-13,1133878.0
2023-06-14,1182030.0
2023-06-15,1179176.0
2023-06-16,1153728.0
2023-06-17,1112332.0
2023-06-18,1100983.0
2023-06-19,1116497.0
2023-06-20,1162300.0
2023-06-21,1164281.0
2023-06-22,1223055.0
2023-06-23,1231395.0
2023-06-24,1196572.0
2023-06-25,1142660.0
2023-06-26,1248918.0
2023-06-27,1223679.0
2023-06-28,1225610.0
2023-06-29,1231805.0
2023-06-30,1224907.0
2023-07-01,1184493.0
2023-07-02,1021167.0
2023-07-03,1181618.0
2023-07-04,1207672.0
2023-07-05,1253396.0
2023-07-06,1184382.0
2023-07-07,1238197.0
2023-07-08,1128682.0
2023-07-09,1105159.0
2023-07-10,1180129.0
2023-07-11,1172755.0
2023-07-12,1146623.0
2023-07-13,1182156.0
2023-07-14,1220504.0
2023-07-15,1101958.0
2023-07-16,991842.0
2023-07-17,1163718.0
2023-07-18,1227302.0
2023-07-19,1248208.0
2023-07-20,1158353.0
2023-07-21,1232353.0
2023-07-22,1184434.0
2023-07-23,1069483.0
2023-07-24,1199264.0
2023-07-25,1200832.0
2023-07-26,1153593.0
2023-07-27,1228546.0
2023-07-28,1161260.0
2023-07-29,1051773.0
2023-07-30,980940.0
2023-07-31,1187298.0
2023-08-01,1189547.0
2023-08-02,1262862.0
2023-08-03,1155705.0
2023-08-04,1097678.0
2023-08-05,1105227.0
2023-08-06,1075020.0
2023-08-07,1029745.0
2023-08-08,1046343.0
2023-08-09,1103162.0
2023-08-10,1087734.0
2023-08-11,1094304.0
2023-08-12,1031135.0
2023-08-13,957902.0
2023-08-14,1062642.0
2023-08-15,1022024.0
2023-08-16,1104739.0
2023-08-17,1165714.0
2023-08-18,1144826.0
2023-08-19,1092577.0
2023-08-20,1074294.0
2023-08-21,1128146.0
2023-08-22,1124850.0
2023-08-23,1154507.0
2023-08-24,1185028.0
2023-08-25,1187316.0
2023-08-26,1114732.0
2023-08-27,1106711.0
2023-08-28,1177571.0
2023-08-29,1196775.0
2023-08-30,1226228.0
2023-08-31,1233556.0
2023-09-01,1228822.0
2023-09-02,1141826.0
2023-09-03,1139136.0
2023-09-04,1255558.0
2023-09-05,1268583.0
2023-09-06,1256534.0
2023-09-07,1251540.0
2023-09-08,1238165.0
2023-09-09,1185712.0
2023-09-10,1156891.0
2023-09-11,1213442.0
2023-09-12,1201730.0
2023-09-13,1236928.0
2023-09-14,1263528.0
2023-09-15,1300053.0
2023-09-16,1217280.0
2023-09-17,1149047.0
2023-09-18,1293811.0
2023-09-19,1256566.0
2023-09-20,1282160.0
2023-09-21,1260000.0
2023-09-22,1310453.0
2023-09-23,1160884.0
2023-09-24,1025439.0
2023-09-25,1131761.0
2023-09-26,1189498.0
2023-09-27,1199892.0
2023-09-28,1177237.0
2023-09-29,1253750.0
2023-09-30,1116108.0
2023-10-01,1095029.0
2023-10-02,1202787.0
2023-10-03,1222902.0
2023-10-04,1173699.0
2023-10-05,1195509.0
2023-10-06,1183873.0
2023-10-07,1094247.0
2023-10-08,1135146.0
2023-10-09,1232302.0
2023-10-10,1249818.0
2023-10-11,1220015.0
2023-10-12,1244755.0
2023-10-13,1315482.0
2023-10-14,1118019.0
2023-10-15,1107111.0
2023-10-16,1308640.0
2023-10-17,1314018.0
2023-10-18,1363742.0
2023-10-19,1337540.0
2023-10-20,1292725.0
2023-10-21,1338917.0
2023-10-22,1209252.0
2023-10-23,1325778.0
2023-10-24,1319347.0
2023-10-25,1373724.0
2023-10-26,1347540.0
2023-10-27,1414981.0
2023-10-28,1365931.0
2023-10-29,1283826.0
2023-10-30,1276503.0
2023-10-31,1352577.0
2023-11-01,1374381.0
2023-11-02,1430351.0
2023-11-03,1419600.0
2023-11-04,1397797.0
2023-11-05,1329969.0
2023-11-06,1331962.0
2023-11-07,1398301.0
2023-11-08,1440046.0
2023-11-09,1469979.0
2023-11-10,1537954.0
2023-11-11,1333284.0
2023-11-12,1378780.0
2023-11-13,1452238.0
2023-11-14,1458765.0
2023-11-15,1433934.0
2023-11-16,1496002.0
2023-11-17,1470852.0
2023-11-18,1457684.0
2023-11-19,1375853.0
2023-11-20,1523021.0
2023-11-21,1508609.0
2023-11-22,1490860.0
2023-11-23,1425579.0
2023-11-24,1459291.0
2023-11-25,1458504.0
2023-11-26,1474313.0
2023-11-27,1640265.0
2023-11-28,1578923.0
2023-11-29,1539087.0
2023-11-30,1574593.0
2023-12-01,1566265.0
2023-12-02,1526130.0
2023-12-03,1602964.0
2023-12-04,1760295.0
2023-12-05,1699236.0
2023-12-06,1616024.0
2023-12-07,1736364.0
2023-12-08,1632459.0
2023-12-09,1641142.0
2023-12-10,1578084.0
2023-12-11,1613224.0
2023-12-12,1615425.0
2023-12-13,1650958.0
2023-12-14,1656980.0
2023-12-15,1606864.0
2023-12-16,1496043.0
2023-12-17,1475954.0
2023-12-18,1658836.0
2023-12-19,1731033.0
2023-12-20,1649150.0
2023-12-21,1676172.0
2023-12-22,1621689.0
2023-12-23,1532120.0
2023-12-24,1387509.0
2023-12-25,1307516.0
2023-12-26,1328225.0
2023-12-27,1543403.0
2023-12-28,1492032.0
2023-12-29,1460654.0
2023-12-30,1469484.0
2023-12-31,1575436.0
2024-01-01,1449681.0
2024-01-02,1726355.0
2024-01-03,1746897.0
2024-01-04,1756789.0
2024-01-05,1690767.0
2024-01-06,1631726.0
2024-01-07,1674018.0
2024-01-08,1848304.0
2024-01-09,1813173.0
2024-01-10,1802401.0
2024-01-11,1883120.0
2024-01-12,1850646.0
2024-01-13,1706939.0
2024-01-14,1644105.0
2024-01-15,1753787.0
2024-01-16,1786884.0
2024-01-17,1846790.0
2024-01-18,1822364.0
2024-01-19,1747953.0
2024-01-20,1722214.0
2024-01-21,1753223.0
2024-01-22,1827766.0
2024-01-23,1741971.0
2024-01-24,1702648.0
2024-01-25,1650408.0
2024-01-26,1645413.0
2024-01-27,1575929.0
2024-01-28,1614286.0
2024-01-29,1700110.0
2024-01-30,1681843.0
2024-01-31,1633197.0
2024-02-01,1629139.0
2024-02-02,1585102.0
2024-02-03,1462337.0
2024-02-04,1428916.0
2024-02-05,1543798.0
2024-02-06,1666131.0
2024-02-07,1729087.0
2024-02-08,1665127.0
2024-02-09,1652522.0
2024-02-10,1503911.0
2024-02-11,1555064.0
2024-02-12,1561616.0
2024-02-13,1618929.0
2024-02-14,1637818.0
2024-02-15,1585444.0
2024-02-16,1558117.0
2024-02-17,1466324.0
2024-02-18,1497916.0
2024-02-19,1561718.0
2024-02-20,1564497.0
2024-02-21,1636190.0
2024-02-22,1699966.0
2024-02-23,1657078.0
2024-02-24,1576273.0
2024-02-25,1530126.0
2024-02-26,1668746.0
2024-02-27,1722901.0
2024-02-28,1636611.0
2024-02-29,1612858.0
2024-03-01,1685354.0
2024-03-02,1533063.0
2024-03-03,1451255.0
2024-03-04,1601239.0
2024-03-05,1626363.0
2024-03-06,1583889.0
2024-03-07,1663592.0
2024-03-08,1609065.0
2024-03-09,1488725.0
2024-03-10,1376861.0
2024-03-11,1564257.0
2024-03-12,1631662.0
2024-03-13,1531496.0
2024-03-14,1523728.0
2024-03-15,1538036.0
2024-03-16,1423433.0
2024-03-17,1401476.0
2024-03-18,1437055.0
2024-03-19,1410779.0
2024-03-20,1393914.0
2024-03-21,1389576.0
2024-03-22,1409914.0
2024-03-23,1294105.0
2024-03-24,1257343.0
2024-03-25,1454645.0
2024-03-26,1472041.0
2024-03-27,1553932.0
2024-03-28,1588012.0
2024-03-29,1456078.0
2024-03-30,1373425.0
2024-03-31,1258149.0
2024-04-01,1367213.0
2024-04-02,1514912.0
2024-04-03,1472987.0
2024-04-04,1452192.0
2024-04-05,1336037.0
2024-04-06,1147464.0
2024-04-07,1008117.0
2024-04-08,1296388.0
2024-04-09,1396935.0
2024-04-10,1384525.0
2024-04-11,1351401.0
2024-04-12,1310879.0
2024-04-13,1124913.0
2024-04-14,1020464.0
2024-04-15,1248103.0
2024-04-16,1342060.0
2024-04-17,1383397.0
2024-04-18,1405218.0
2024-04-19,1446414.0
2024-04-20,1317251.0
2024-04-21,1287782.0
2024-04-22,1452558.0
2024-04-23,1461651.0
2024-04-24,1460308.0
2024-04-25,1432437.0
2024-04-26,1392725.0
2024-04-27,1264398.0
2024-04-28,1209025.0
2024-04-29,1353813.0
2024-04-30,1368788.0
2024-05-01,1141864.0
2024-05-02,1371592.0
2024-05-03,1395979.0
2024-05-04,1271360.0
2024-05-05,1184505.0
2024-05-06,1370584.0
2024-05-07,1390839.0
2024-05-08,1351241.0
2024-05-09,1304148.0
2024-05-10,1311767.0
2024-05-11,1167564.0
2024-05-12,1107250.0
2024-05-13,1309485.0
2024-05-14,1301905.0
2024-05-15,1346330.0
2024-05-16,1343490.0
2024-05-17,1375920.0
2024-05-18,1254360.0
2024-05-19,1190359.0
2024-05-20,1267798.0
2024-05-21,1396372.0
2024-05-22,1417599.0
2024-05-23,1398397.0
2024-05-24,1393816.0
2024-05-25,1286976.0
2024-05-26,1211554.0
2024-05-27,1353317.0
2024-05-28,1430446.0
2024-05-29,1410615.0
2024-05-30,1402149.0
2024-05-31,1335963.0
2024-06-01,1203647.0
2024-06-02,1162084.0
2024-06-03,1324943.0
2024-06-04,1326986.0
2024-06-05,1305153.0
2024-06-06,1344695.0
2024-06-07,1349289.0
2024-06-08,1175727.0
2024-06-09,1082178.0
2024-06-10,1319347.0
2024-06-11,1322442.0
2024-06-12,1333128.0
2024-06-13,1358013.0
2024-06-14,1344776.0
2024-06-15,1216237.0
2024-06-16,1160550.0
2024-06-17,1317526.0
2024-06-18,1332580.0
2024-06-19,1357003.0
2024-06-20,1308049.0
2024-06-21,1334409.0
2024-06-22,1191740.0
2024-06-23,1148056.0
2024-06-24,1341020.0
2024-06-25,1351455.0
2024-06-26,1340024.0
2024-06-27,1386367.0
2024-06-28,1291681.0
2024-06-29,1241726.0
2024-06-30,1203638.0
2024-07-01,1307279.0
2024-07-02,1313424.0
2024-07-03,1331496.0
2024-07-04,1284273.0
2024-07-05,1297198.0
2024-07-06,1116529.0
2024-07-07,1089340.0
2024-07-08,1328652.0
2024-07-09,1363066.0
2024-07-10,1348253.0
2024-07-11,1338935.0
2024-07-12,1341215.0
2024-07-13,1207659.0
2024-07-14,1144910.0
2024-07-15,1349316.0
2024-07-16,1407135.0
2024-07-17,1353836.0
2024-07-18,1360700.0
2024-07-19,1366547.0
2024-07-20,1258997.0
2024-07-21,1234638.0
2024-07-22,1341407.0
2024-07-23,1392136.0
2024-07-24,1356513.0
2024-07-25,1358393.0
2024-07-26,1356079.0
2024-07-27,1289808.0
2024-07-28,1189624.0
2024-07-29,1330224.0
2024-07-30,1364609.0
2024-07-31,1375657.0
2024-08-01,1366574.0
2024-08-02,1366780.0
2024-08-03,1290855.0
2024-08-04,1215953.0
2024-08-05,1329315.0
2024-08-06,1348981.0
2024-08-07,1348622.0
2024-08-08,1341220.0
2024-08-09,1257972.0
2024-08-10,1178756.0
2024-08-11,1191435.0
2024-08-12,1290740.0
2024-08-13,1260354.0
2024-08-14,1251363.0
2024-08-15,1170588.0
2024-08-16,1230049.0
2024-08-17,1161526.0
2024-08-18,1173220.0
2024-08-19,1281021.0
2024-08-20,1324348.0
2024-08-21,1252117.0
2024-08-22,1237883.0
2024-08-23,1257582.0
2024-08-24,1209063.0
2024-08-25,1045899.0
2024-08-26,1262546.0
2024-08-27,1277956.0
2024-08-28,1322347.0
2024-08-29,1298679.0
2024-08-30,1324507.0
2024-08-31,1200008.0
2024-09-01,1147814.0
2024-09-02,1300334.0
2024-09-03,1284771.0
2024-09-04,1299262.0
2024-09-05,1301160.0
2024-09-06,1299552.0
2024-09-07,1201701.0
2024-09-08,1172637.0
2024-09-09,1298469.0
2024-09-10,1298288.0
2024-09-11,1299110.0
2024-09-12,1312553.0
2024-09-13,1326361.0
2024-09-14,1245315.0
2024-09-15,1198771.0
2024-09-16,1289059.0
2024-09-17,1335046.0
2024-09-18,1356160.0
2024-09-19,1380693.0
2024-09-20,1312272.0
2024-09-21,1194416.0
2024-09-22,1174815.0
2024-09-23,1302694.0
2024-09-24,1368904.0
2024-09-25,1353004.0
2024-09-26,1328442.0
2024-09-27,1298142.0
2024-09-28,1182007.0
2024-09-29,1224201.0
2024-09-30,1401276.0
2024-10-01,1347686.0
2024-10-02,1321360.0
2024-10-03,1360482.0
2024-10-04,1385726.0
2024-10-05,1297162.0
2024-10-06,1228408.0
2024-10-07,1348080.0
2024-10-08,1395024.0
2024-10-09,1405739.0
2024-10-10,1399285.0
2024-10-11,1395956.0
2024-10-12,1344957.0
2024-10-13,1064485.0
2024-10-14,1384324.0
2024-10-15,1421924.0
2024-10-16,1386251.0
2024-10-17,1318827.0
2024-10-18,1347736.0
2024-10-19,1329518.0
2024-10-20,1248070.0
2024-10-21,1338636.0
2024-10-22,1358629.0
2024-10-23,1422999.0
2024-10-24,1446597.0
2024-10-25,1436003.0
2024-10-26,1362048.0
2024-10-27,1386169.0
2024-10-28,1383980.0
2024-10-29,1405482.0
2024-10-30,1418592.0
2024-10-31,1434450.0
2024-11-01,1384199.0
2024-11-02,1375884.0
2024-11-03,1354085.0
2024-11-04,1484531.0
2024-11-05,1494128.0
2024-11-06,1516493.0
2024-11-07,1509665.0
2024-11-08,1509875.0
2024-11-09,1389044.0
2024-11-10,1315098.0
2024-11-11,1359866.0
2024-11-12,1560292.0
2024-11-13,1599566.0
2024-11-14,1587656.0
2024-11-15,1602831.0
2024-11-16,1438041.0
2024-11-17,1432605.0
2024-11-18,1651547.0
2024-11-19,1739869.0
2024-11-20,1648939.0
2024-11-21,1706656.0
2024-11-22,1764246.0
2024-11-23,1748393.0
2024-11-24,1463072.0
2024-11-25,1530078.0
2024-11-26,1638975.0
2024-11-27,1673680.0
2024-11-28,1591197.0
2024-11-29,1704089.0
2024-11-30,1570169.0
2024-12-01,1575586.0
2024-12-02,1659261.0
2024-12-03,1652651.0
2024-12-04,1731732.0
2024-12-05,1781082.0
2024-12-06,1675466.0
2024-12-07,1686078.0
2024-12-08,1651411.0
2024-12-09,1770756.0
2024-12-10,1833425.0
2024-12-11,1863507.0
2024-12-12,1855878.0
2024-12-13,1830571.0
2024-12-14,1705702.0
2024-12-15,1596989.0
2024-12-16,1638154.0
2024-12-17,1725616.0
2024-12-18,1747009.0
2024-12-19,1737514.0
2024-12-20,1717570.7
2024-12-21,1600306.2
2024-12-22,1598665.47
2024-12-23,1663447.99
2024-12-24,1560878.04
2024-12-25,1507963.39
2024-12-26,1647690.05
2024-12-27,1747820.09
2024-12-28,1720095.31
2024-12-29,1587743.0
2024-12-30,1583549.99
2024-12-31,1629072.62
2025-01-01,6442910.5
2025-01-02,6683704.75
2025-01-03,6635348.03
2025-01-04,7045565.76
2025-01-05,7033569.99
2025-01-06,6907326.4
2025-01-07,7212960.71
2025-01-08,7366610.54
2025-01-09,7446682.36
2025-01-10,7209328.86
2025-01-11,6883534.43
2025-01-12,7164356.12
2025-01-13,7569232.62
2025-01-14,7541333.54
2025-01-15,7779739.07
2025-01-16,7673354.27
2025-01-17,7691764.5
2025-01-18,7486246.11
2025-01-19,7277098.67
2025-01-20,7703687.5
2025-01-21,7798958.98
2025-01-22,7672221.78
2025-01-23,7492131.93
2025-01-24,7603553.25
2025-01-25,6800540.1
2025-01-26,6772170.14
2025-01-27,6870798.0
2025-01-28,7233182.2
2025-01-29,7169196.32
2025-01-30,6985286.47
2025-01-31,7157319.53
2025-02-01,6695510.48
2025-02-02,6613638.75
2025-02-03,7070406.51
2025-02-04,7041684.46
2025-02-05,6885376.7700000005
2025-02-06,7264808.74
2025-02-07,6953445.34
2025-02-08,6318673.9799999995
2025-02-09,6156577.12
2025-02-10,6523267.02
2025-02-11,6600636.47
2025-02-12,6689542.3
2025-02-13,6909447.09
2025-02-14,7169221.81
2025-02-15,6863616.31
2025-02-16,6568363.77
2025-02-17,6834582.59
2025-02-18,6992520.24
2025-02-19,6864270.22
2025-02-20,6521687.33
2025-02-21,6438460.08
2025-02-22,5992331.04
2025-02-23,5795034.79
2025-02-24,6319140.2700000005
2025-02-25,6507459.96
2025-02-26,6829203.49
2025-02-27,6705318.4799999995
2025-02-28,6743439.41
2025-03-01,6607112.96
2025-03-02,6246314.73
2025-03-03,6261266.83
2025-03-04,6227472.44
2025-03-05,6168770.31
2025-03-06,6375417.85
2025-03-07,6243431.9799999995
2025-03-08,5701621.57
2025-03-09,5275203.38
2025-03-10,5866470.86
2025-03-11,6036530.34
2025-03-12,6139871.16
2025-03-13,6411352.2
2025-03-14,6663948.98
2025-03-15,6608299.19
2025-03-16,6132614.02
2025-03-17,6667433.83
2025-03-18,6619295.76
2025-03-19,6257627.72
2025-03-20,6037854.35
2025-03-21,5830030.68
2025-03-22,5211044.27
2025-03-23,5286211.94
2025-03-24,5953350.18
2025-03-25,6001930.74
2025-03-26,5979987.64
2025-03-27,5981039.56
2025-03-28,5904973.88
2025-03-29,5634800.72
2025-03-30,4568387.12
2025-03-31,5824022.63
2025-04-01,6067139.88
2025-04-02,6021298.27
2025-04-03,5478892.85
2025-04-04,5265292.34
2025-04-05,4748696.52
2025-04-06,4756971.29
2025-04-07,5332296.64
2025-04-08,5402118.32
2025-04-09,5352023.37
2025-04-10,5415373.39
2025-04-11,5300559.5
2025-04-12,5049846.47
2025-04-13,4844413.86
2025-04-14,5329483.21
2025-04-15,5427150.77
2025-04-16,5499203.41
2025-04-17,5647778.32
2025-04-18,5524646.14
2025-04-19,4933487.51
2025-04-20,4570981.24
2025-04-21,4976747.54
2025-04-22,5246631.49
2025-04-23,5464926.64
2025-04-24,5341467.5200000005
2025-04-25,5375523.91
2025-04-26,4784902.77
2025-04-27,4446206.04
2025-04-28,5028895.98
2025-04-29,5103987.17
2025-04-30,5140674.43
2025-05-01,4210231.25
2025-05-02,4629100.63
2025-05-03,4583150.3
2025-05-04,4430400.92
2025-05-05,5271635.91
2025-05-06,5441070.02
2025-05-07,5461837.6
2025-05-08,5269144.08
2025-05-09,5370711.4
2025-05-10,4782553.04
2025-05-11,4458050.57
2025-05-12,5078184.46
2025-05-13,5206944.91
2025-05-14,5273256.52
2025-05-15,5274111.2299999995
2025-05-16,5142479.46
2025-05-17,4578828.46
2025-05-18,4456614.51
2025-05-19,4959687.22
2025-05-20,5051622.12
2025-05-21,5080978.63
2025-05-22,5142765.4
2025-05-23,5061275.15
2025-05-24,4625088.17
2025-05-25,4192050.77
2025-05-26,4674344.73
2025-05-27,5251085.5
2025-05-28,5447537.92
2025-05-29,4845992.39
2025-05-30,4959875.59
2025-05-31,4692692.71
2025-06-01,4464513.37
2025-06-02,5100150.32
2025-06-03,5131056.49
2025-06-04,5335431.15
2025-06-05,5421912.39
2025-06-06,5198609.15
2025-06-07,5025446.67
2025-06-08,4582689.64
2025-06-09,4780461.5200000005
2025-06-10,5390272.12
2025-06-11,5510773.0
2025-06-12,5363118.31
2025-06-13,5379533.53
2025-06-14,4896484.92
2025-06-15,4735714.9
2025-06-16,5405867.68
2025-06-17,5458319.2
2025-06-18,5547573.43
2025-06-19,5437296.02
2025-06-20,5374234.68
2025-06-21,4903890.76
2025-06-22,4728313.85
2025-06-23,5216276.42
2025-06-24,5161880.4
2025-06-25,5289055.61
2025-06-26,5587207.69
2025-06-27,5278916.66
2025-06-28,4644885.51
2025-06-29,4684859.64
2025-06-30,5260491.14
2025-07-01,5351577.41
2025-07-02,5579721.1
2025-07-03,5539313.45
2025-07-04,5451259.15
2025-07-05,4799927.76
2025-07-06,5013532.45
2025-07-07,5452975.46
2025-07-08,5580633.87
2025-07-09,5639808.77
2025-07-10,5651073.37
2025-07-11,5719644.97
2025-07-12,5256395.8
2025-07-13,5009465.24
2025-07-14,5377115.09
2025-07-15,5605923.3
2025-07-16,5764503.08
2025-07-17,5628833.8
2025-07-18,5489547.43
2025-07-19,5133798.49
2025-07-20,4871596.87
2025-07-21,5521461.88
2025-07-22,5522565.97
2025-07-23,5205449.3
2025-07-24,5381555.16
2025-07-25,5266582.49
2025-07-26,5041791.64
2025-07-27,4894311.88
2025-07-28,5255439.14
2025-07-29,5226207.93
2025-07-30,5234019.09
2025-07-31,5451428.94
2025-08-01,5328087.95
2025-08-02,4819618.01
2025-08-03,4540396.77
2025-08-04,5176899.44
2025-08-05,4897754.61
2025-08-06,4995561.77
2025-08-07,5099187.41
2025-08-08,5279470.28
2025-08-09,4806671.89
2025-08-10,4693769.82
2025-08-11,5276768.64
2025-08-12,5297568.98
2025-08-13,5113929.63
2025-08-14,5281380.56
2025-08-15,5009305.33
2025-08-16,5118248.13
2025-08-17,4959598.54
2025-08-18,5266580.54
2025-08-19,5106877.69
2025-08-20,5115791.31
2025-08-21,5223045.24
2025-08-22,5210654.82
2025-08-23,4824745.3
2025-08-24,4676860.18
2025-08-25,5325836.29
2025-08-26,5431408.35
2025-08-27,5412691.29
2025-08-28,5417447.83
2025-08-29,5532825.96
2025-08-30,4975155.16
2025-08-31,4526034.22
2025-09-01,5284728.4
2025-09-02,5566120.04
2025-09-03,5548921.32
2025-09-04,5437282.81
2025-09-05,5530857.07
2025-09-06,5057798.37
2025-09-07,4776588.36
2025-09-08,5486205.87
2025-09-09,5400813.24
2025-09-10,5450049.83
2025-09-11,5487605.34
2025-09-12,5334058.8
2025-09-13,4928072.04
2025-09-14,4869918.1
2025-09-15,5162485.94
2025-09-16,5271683.3
2025-09-17,5487297.29
2025-09-18,5245371.56
2025-09-19,5459578.3
2025-09-20,5021956.51
2025-09-21,4435326.52
2025-09-22,5396385.66
2025-09-23,5510822.67
2025-09-24,5651835.89
2025-09-25,5715410.0
2025-09-26,5757788.39
2025-09-27,5417974.08
2025-09-28,5239109.41
2025-09-29,5713335.84
2025-09-30,5832312.75
2025-10-01,5765698.75
2025-10-02,5786920.71
2025-10-03,5707818.79
2025-10-04,4794198.58
2025-10-05,4541068.21
2025-10-06,5533718.37
2025-10-07,5451579.82
2025-10-08,5458320.5200000005
2025-10-09,5356238.61
2025-10-10,5521004.63
2025-10-11,5192905.89
2025-10-12,5151617.97
2025-10-13,5519123.41
2025-10-14,5571109.74
2025-10-15,5653356.77
2025-10-16,5748953.96
2025-10-17,5704296.15
2025-10-18,5456442.89
2025-10-19,5386711.12
2025-10-20,5852630.66
2025-10-21,5781327.32
2025-10-22,5634795.39
2025-10-23,6036440.86
2025-10-24,6161058.15
2025-10-25,5152799.74
2025-10-26,5342310.25
2025-10-27,6259215.82
2025-10-28,6136637.57
2025-10-29,6130705.24
2025-10-30,6142178.21
2025-10-31,6087487.3
2025-11-01,5768488.82
2025-11-02,5671025.35
2025-11-03,6160534.24
2025-11-04,6211158.97
2025-11-05,6278170.41
2025-11-06,6050900.78
2025-11-07,6126400.79
2025-11-08,5810664.26
2025-11-09,5792674.04
2025-11-10,6311924.03
2025-11-11,6103123.64
2025-11-12,6293312.49
2025-11-13,6170464.41
2025-11-14,6255853.5
2025-11-15,5685149.22
2025-11-16,5617311.97
2025-11-17,6566567.78
2025-11-18,6756585.19
2025-11-19,7216511.86
2025-11-20,7097603.39
2025-11-21,7279830.39
2025-11-22,7161136.91
2025-11-23,7020720.11
2025-11-24,7078798.88
2025-11-25,7208867.22
2025-11-26,7304209.94
2025-11-27,7286442.21
2025-11-28,7122039.34
2025-11-29,6990764.56
2025-11-30,6653863.27
2025-12-01,7558854.18
2025-12-02,7334415.8
2025-12-03,7135501.71
2025-12-04,7253831.32
2025-12-05,7322267.97
2025-12-06,7183672.1
2025-12-07,6841889.06
2025-12-08,7064279.07
2025-12-09,7149328.08
2025-12-10,5714648.89
2025-12-11,7004719.95
2025-12-12,7075244.23
2025-12-13,6599137.94
2025-12-14,6741444.07
2025-12-15,7368248.61
2025-12-16,7182224.79
2025-12-17,7029636.0200000005
2025-12-18,7394337.93
2025-12-19,6953571.9
2025-12-20,6649923.91
2025-12-21,6616573.91
2025-12-22,6934162.93
2025-12-23,7005232.93
2025-12-24,7627868.63
2025-12-25,7260783.86
2025-12-26,7395852.14
2025-12-27,7201406.18
2025-12-28,7299374.1
2025-12-29,7504248.79
2025-12-30,7678296.53
2025-12-31,7364351.64
